2026-04-08 20:44:43 [background-preinit] INFO  o.h.validator.internal.util.Version - HV000001: Hibernate Validator 8.0.1.Final
2026-04-08 20:44:43 [main] INFO  c.ecommerce.application.Application - Starting Application using Java 17.0.15 with PID 2680 (C:\Users\99450\Desktop\JavaProj\ReactiveMovieHub\application\build\classes\java\main started by 99450 in C:\Users\99450\Desktop\JavaProj\ReactiveMovieHub)
2026-04-08 20:44:43 [main] INFO  c.ecommerce.application.Application - No active profile set, falling back to 1 default profile: "default"
2026-04-08 20:44:51 [main] INFO  o.s.d.r.c.RepositoryConfigurationDelegate - Multiple Spring Data modules found, entering strict repository configuration mode
2026-04-08 20:44:51 [main] INFO  o.s.d.r.c.RepositoryConfigurationDelegate - Bootstrapping Spring Data Reactive Elasticsearch repositories in DEFAULT mode.
2026-04-08 20:44:52 [main] INFO  o.s.d.r.c.RepositoryConfigurationDelegate - Finished Spring Data repository scanning in 1803 ms. Found 2 Reactive Elasticsearch repository interfaces.
2026-04-08 20:44:53 [main] INFO  o.s.d.r.c.RepositoryConfigurationDelegate - Multiple Spring Data modules found, entering strict repository configuration mode
2026-04-08 20:44:53 [main] INFO  o.s.d.r.c.RepositoryConfigurationDelegate - Bootstrapping Spring Data Reactive MongoDB repositories in DEFAULT mode.
2026-04-08 20:44:53 [main] INFO  o.s.d.r.c.RepositoryConfigurationDelegate - Finished Spring Data repository scanning in 97 ms. Found 4 Reactive MongoDB repository interfaces.
2026-04-08 20:44:54 [main] INFO  o.s.d.r.c.RepositoryConfigurationDelegate - Multiple Spring Data modules found, entering strict repository configuration mode
2026-04-08 20:44:54 [main] INFO  o.s.d.r.c.RepositoryConfigurationDelegate - Bootstrapping Spring Data Elasticsearch repositories in DEFAULT mode.
2026-04-08 20:44:54 [main] INFO  o.s.d.r.c.RepositoryConfigurationDelegate - Finished Spring Data repository scanning in 72 ms. Found 0 Elasticsearch repository interfaces.
2026-04-08 20:45:19 [main] INFO  org.mongodb.driver.client - MongoClient with metadata {"driver": {"name": "mongo-java-driver|reactive-streams|spring-boot", "version": "4.11.2"}, "os": {"type": "Windows", "name": "Windows 11", "architecture": "amd64", "version": "10.0"}, "platform": "Java/Amazon.com Inc./17.0.15+6-LTS"} created with settings MongoClientSettings{readPreference=primary, writeConcern=WriteConcern{w=null, wTimeout=null ms, journal=null}, retryWrites=true, retryReads=true, readConcern=ReadConcern{level=null}, credential=MongoCredential{mechanism=null, userName='admin', source='admin', password=<hidden>, mechanismProperties=<hidden>}, transportSettings=NettyTransportSettings{eventLoopGroup=io.netty.channel.nio.NioEventLoopGroup@6cdbe5ec, socketChannelClass=null, allocator=null, sslContext=null}, streamFactoryFactory=null, commandListeners=[], codecRegistry=ProvidersCodecRegistry{codecProviders=[ValueCodecProvider{}, BsonValueCodecProvider{}, DBRefCodecProvider{}, DBObjectCodecProvider{}, DocumentCodecProvider{}, CollectionCodecProvider{}, IterableCodecProvider{}, MapCodecProvider{}, GeoJsonCodecProvider{}, GridFSFileCodecProvider{}, Jsr310CodecProvider{}, JsonObjectCodecProvider{}, BsonCodecProvider{}, EnumCodecProvider{}, com.mongodb.client.model.mql.ExpressionCodecProvider@14b8a751, com.mongodb.Jep395RecordCodecProvider@7345f97d, com.mongodb.KotlinCodecProvider@554566a8]}, loggerSettings=LoggerSettings{maxDocumentLength=1000}, clusterSettings={hosts=[localhost:27017], srvServiceName=mongodb, mode=SINGLE, requiredClusterType=UNKNOWN, requiredReplicaSetName='null', serverSelector='null', clusterListeners='[]', serverSelectionTimeout='1000000000 ms', localThreshold='15 ms'}, socketSettings=SocketSettings{connectTimeoutMS=10000, readTimeoutMS=2000000000, receiveBufferSize=0, proxySettings=ProxySettings{host=null, port=null, username=null, password=null}}, heartbeatSocketSettings=SocketSettings{connectTimeoutMS=10000, readTimeoutMS=10000, receiveBufferSize=0, proxySettings=ProxySettings{host=null, port=null, username=null, password=null}}, connectionPoolSettings=ConnectionPoolSettings{maxSize=100, minSize=0, maxWaitTimeMS=120000, maxConnectionLifeTimeMS=0, maxConnectionIdleTimeMS=0, maintenanceInitialDelayMS=0, maintenanceFrequencyMS=60000, connectionPoolListeners=[], maxConnecting=2}, serverSettings=ServerSettings{heartbeatFrequencyMS=10000, minHeartbeatFrequencyMS=500, serverListeners='[]', serverMonitorListeners='[]'}, sslSettings=SslSettings{enabled=false, invalidHostNameAllowed=false, context=null}, applicationName='null', compressorList=[], uuidRepresentation=JAVA_LEGACY, serverApi=null, autoEncryptionSettings=null, dnsClient=null, inetAddressResolver=null, contextProvider=null}
2026-04-08 20:45:23 [cluster-ClusterId{value='69d6861c23de0561016af4f9', description='null'}-localhost:27017] INFO  org.mongodb.driver.cluster - Monitor thread successfully connected to server with description ServerDescription{address=localhost:27017, type=STANDALONE, state=CONNECTED, ok=true, minWireVersion=0, maxWireVersion=27, maxDocumentSize=16777216, logicalSessionTimeoutMinutes=30, roundTripTimeNanos=1847704800}
2026-04-08 20:45:40 [main] INFO  o.a.k.c.admin.AdminClientConfig - AdminClientConfig values: 
	auto.include.jmx.reporter = true
	bootstrap.servers = [localhost:9092]
	client.dns.lookup = use_all_dns_ips
	client.id = 
	connections.max.idle.ms = 300000
	default.api.timeout.ms = 60000
	metadata.max.age.ms = 300000
	metric.reporters = []
	metrics.num.samples = 2
	metrics.recording.level = INFO
	metrics.sample.window.ms = 30000
	receive.buffer.bytes = 65536
	reconnect.backoff.max.ms = 1000
	reconnect.backoff.ms = 50
	request.timeout.ms = 30000
	retries = 2147483647
	retry.backoff.ms = 100
	sasl.client.callback.handler.class = null
	sasl.jaas.config = null
	sasl.kerberos.kinit.cmd = /usr/bin/kinit
	sasl.kerberos.min.time.before.relogin = 60000
	sasl.kerberos.service.name = null
	sasl.kerberos.ticket.renew.jitter = 0.05
	sasl.kerberos.ticket.renew.window.factor = 0.8
	sasl.login.callback.handler.class = null
	sasl.login.class = null
	sasl.login.connect.timeout.ms = null
	sasl.login.read.timeout.ms = null
	sasl.login.refresh.buffer.seconds = 300
	sasl.login.refresh.min.period.seconds = 60
	sasl.login.refresh.window.factor = 0.8
	sasl.login.refresh.window.jitter = 0.05
	sasl.login.retry.backoff.max.ms = 10000
	sasl.login.retry.backoff.ms = 100
	sasl.mechanism = GSSAPI
	sasl.oauthbearer.clock.skew.seconds = 30
	sasl.oauthbearer.expected.audience = null
	sasl.oauthbearer.expected.issuer = null
	sasl.oauthbearer.jwks.endpoint.refresh.ms = 3600000
	sasl.oauthbearer.jwks.endpoint.retry.backoff.max.ms = 10000
	sasl.oauthbearer.jwks.endpoint.retry.backoff.ms = 100
	sasl.oauthbearer.jwks.endpoint.url = null
	sasl.oauthbearer.scope.claim.name = scope
	sasl.oauthbearer.sub.claim.name = sub
	sasl.oauthbearer.token.endpoint.url = null
	security.protocol = PLAINTEXT
	security.providers = null
	send.buffer.bytes = 131072
	socket.connection.setup.timeout.max.ms = 30000
	socket.connection.setup.timeout.ms = 10000
	ssl.cipher.suites = null
	ssl.enabled.protocols = [TLSv1.2, TLSv1.3]
	ssl.endpoint.identification.algorithm = https
	ssl.engine.factory.class = null
	ssl.key.password = null
	ssl.keymanager.algorithm = SunX509
	ssl.keystore.certificate.chain = null
	ssl.keystore.key = null
	ssl.keystore.location = null
	ssl.keystore.password = null
	ssl.keystore.type = JKS
	ssl.protocol = TLSv1.3
	ssl.provider = null
	ssl.secure.random.implementation = null
	ssl.trustmanager.algorithm = PKIX
	ssl.truststore.certificates = null
	ssl.truststore.location = null
	ssl.truststore.password = null
	ssl.truststore.type = JKS

2026-04-08 20:45:41 [main] INFO  o.a.kafka.common.utils.AppInfoParser - Kafka version: 3.6.2
2026-04-08 20:45:41 [main] INFO  o.a.kafka.common.utils.AppInfoParser - Kafka commitId: c4deed513057c94e
2026-04-08 20:45:41 [main] INFO  o.a.kafka.common.utils.AppInfoParser - Kafka startTimeMs: 1775666741872
2026-04-08 20:45:53 [kafka-admin-client-thread | adminclient-1] INFO  o.a.kafka.common.utils.AppInfoParser - App info kafka.admin.client for adminclient-1 unregistered
2026-04-08 20:45:53 [kafka-admin-client-thread | adminclient-1] INFO  o.a.kafka.common.metrics.Metrics - Metrics scheduler closed
2026-04-08 20:45:53 [kafka-admin-client-thread | adminclient-1] INFO  o.a.kafka.common.metrics.Metrics - Closing reporter org.apache.kafka.common.metrics.JmxReporter
2026-04-08 20:45:53 [kafka-admin-client-thread | adminclient-1] INFO  o.a.kafka.common.metrics.Metrics - Metrics reporters closed
2026-04-08 20:45:54 [main] INFO  o.s.b.w.e.netty.NettyWebServer - Netty started on port 8080
2026-04-08 20:45:55 [main] INFO  o.a.k.c.consumer.ConsumerConfig - ConsumerConfig values: 
	allow.auto.create.topics = true
	auto.commit.interval.ms = 5000
	auto.include.jmx.reporter = true
	auto.offset.reset = latest
	bootstrap.servers = [localhost:9092]
	check.crcs = true
	client.dns.lookup = use_all_dns_ips
	client.id = consumer-actor-search-group-1
	client.rack = 
	connections.max.idle.ms = 540000
	default.api.timeout.ms = 60000
	enable.auto.commit = false
	exclude.internal.topics = true
	fetch.max.bytes = 52428800
	fetch.max.wait.ms = 500
	fetch.min.bytes = 1
	group.id = actor-search-group
	group.instance.id = null
	heartbeat.interval.ms = 3000
	interceptor.classes = []
	internal.leave.group.on.close = true
	internal.throw.on.fetch.stable.offset.unsupported = false
	isolation.level = read_uncommitted
	key.deserializer = class org.apache.kafka.common.serialization.StringDeserializer
	max.partition.fetch.bytes = 1048576
	max.poll.interval.ms = 300000
	max.poll.records = 500
	metadata.max.age.ms = 300000
	metric.reporters = []
	metrics.num.samples = 2
	metrics.recording.level = INFO
	metrics.sample.window.ms = 30000
	partition.assignment.strategy = [class org.apache.kafka.clients.consumer.RangeAssignor, class org.apache.kafka.clients.consumer.CooperativeStickyAssignor]
	receive.buffer.bytes = 65536
	reconnect.backoff.max.ms = 1000
	reconnect.backoff.ms = 50
	request.timeout.ms = 30000
	retry.backoff.ms = 100
	sasl.client.callback.handler.class = null
	sasl.jaas.config = null
	sasl.kerberos.kinit.cmd = /usr/bin/kinit
	sasl.kerberos.min.time.before.relogin = 60000
	sasl.kerberos.service.name = null
	sasl.kerberos.ticket.renew.jitter = 0.05
	sasl.kerberos.ticket.renew.window.factor = 0.8
	sasl.login.callback.handler.class = null
	sasl.login.class = null
	sasl.login.connect.timeout.ms = null
	sasl.login.read.timeout.ms = null
	sasl.login.refresh.buffer.seconds = 300
	sasl.login.refresh.min.period.seconds = 60
	sasl.login.refresh.window.factor = 0.8
	sasl.login.refresh.window.jitter = 0.05
	sasl.login.retry.backoff.max.ms = 10000
	sasl.login.retry.backoff.ms = 100
	sasl.mechanism = GSSAPI
	sasl.oauthbearer.clock.skew.seconds = 30
	sasl.oauthbearer.expected.audience = null
	sasl.oauthbearer.expected.issuer = null
	sasl.oauthbearer.jwks.endpoint.refresh.ms = 3600000
	sasl.oauthbearer.jwks.endpoint.retry.backoff.max.ms = 10000
	sasl.oauthbearer.jwks.endpoint.retry.backoff.ms = 100
	sasl.oauthbearer.jwks.endpoint.url = null
	sasl.oauthbearer.scope.claim.name = scope
	sasl.oauthbearer.sub.claim.name = sub
	sasl.oauthbearer.token.endpoint.url = null
	security.protocol = PLAINTEXT
	security.providers = null
	send.buffer.bytes = 131072
	session.timeout.ms = 45000
	socket.connection.setup.timeout.max.ms = 30000
	socket.connection.setup.timeout.ms = 10000
	ssl.cipher.suites = null
	ssl.enabled.protocols = [TLSv1.2, TLSv1.3]
	ssl.endpoint.identification.algorithm = https
	ssl.engine.factory.class = null
	ssl.key.password = null
	ssl.keymanager.algorithm = SunX509
	ssl.keystore.certificate.chain = null
	ssl.keystore.key = null
	ssl.keystore.location = null
	ssl.keystore.password = null
	ssl.keystore.type = JKS
	ssl.protocol = TLSv1.3
	ssl.provider = null
	ssl.secure.random.implementation = null
	ssl.trustmanager.algorithm = PKIX
	ssl.truststore.certificates = null
	ssl.truststore.location = null
	ssl.truststore.password = null
	ssl.truststore.type = JKS
	value.deserializer = class org.springframework.kafka.support.serializer.JsonDeserializer

2026-04-08 20:45:55 [main] INFO  o.a.kafka.common.utils.AppInfoParser - Kafka version: 3.6.2
2026-04-08 20:45:55 [main] INFO  o.a.kafka.common.utils.AppInfoParser - Kafka commitId: c4deed513057c94e
2026-04-08 20:45:55 [main] INFO  o.a.kafka.common.utils.AppInfoParser - Kafka startTimeMs: 1775666755668
2026-04-08 20:45:55 [main] INFO  o.s.k.c.DefaultKafkaConsumerFactory$ExtendedKafkaConsumer - [Consumer clientId=consumer-actor-search-group-1, groupId=actor-search-group] Subscribed to topic(s): actor.events
2026-04-08 20:45:55 [main] INFO  o.a.k.c.consumer.ConsumerConfig - ConsumerConfig values: 
	allow.auto.create.topics = true
	auto.commit.interval.ms = 5000
	auto.include.jmx.reporter = true
	auto.offset.reset = latest
	bootstrap.servers = [localhost:9092]
	check.crcs = true
	client.dns.lookup = use_all_dns_ips
	client.id = consumer-movie-search-group-2
	client.rack = 
	connections.max.idle.ms = 540000
	default.api.timeout.ms = 60000
	enable.auto.commit = false
	exclude.internal.topics = true
	fetch.max.bytes = 52428800
	fetch.max.wait.ms = 500
	fetch.min.bytes = 1
	group.id = movie-search-group
	group.instance.id = null
	heartbeat.interval.ms = 3000
	interceptor.classes = []
	internal.leave.group.on.close = true
	internal.throw.on.fetch.stable.offset.unsupported = false
	isolation.level = read_uncommitted
	key.deserializer = class org.apache.kafka.common.serialization.StringDeserializer
	max.partition.fetch.bytes = 1048576
	max.poll.interval.ms = 300000
	max.poll.records = 500
	metadata.max.age.ms = 300000
	metric.reporters = []
	metrics.num.samples = 2
	metrics.recording.level = INFO
	metrics.sample.window.ms = 30000
	partition.assignment.strategy = [class org.apache.kafka.clients.consumer.RangeAssignor, class org.apache.kafka.clients.consumer.CooperativeStickyAssignor]
	receive.buffer.bytes = 65536
	reconnect.backoff.max.ms = 1000
	reconnect.backoff.ms = 50
	request.timeout.ms = 30000
	retry.backoff.ms = 100
	sasl.client.callback.handler.class = null
	sasl.jaas.config = null
	sasl.kerberos.kinit.cmd = /usr/bin/kinit
	sasl.kerberos.min.time.before.relogin = 60000
	sasl.kerberos.service.name = null
	sasl.kerberos.ticket.renew.jitter = 0.05
	sasl.kerberos.ticket.renew.window.factor = 0.8
	sasl.login.callback.handler.class = null
	sasl.login.class = null
	sasl.login.connect.timeout.ms = null
	sasl.login.read.timeout.ms = null
	sasl.login.refresh.buffer.seconds = 300
	sasl.login.refresh.min.period.seconds = 60
	sasl.login.refresh.window.factor = 0.8
	sasl.login.refresh.window.jitter = 0.05
	sasl.login.retry.backoff.max.ms = 10000
	sasl.login.retry.backoff.ms = 100
	sasl.mechanism = GSSAPI
	sasl.oauthbearer.clock.skew.seconds = 30
	sasl.oauthbearer.expected.audience = null
	sasl.oauthbearer.expected.issuer = null
	sasl.oauthbearer.jwks.endpoint.refresh.ms = 3600000
	sasl.oauthbearer.jwks.endpoint.retry.backoff.max.ms = 10000
	sasl.oauthbearer.jwks.endpoint.retry.backoff.ms = 100
	sasl.oauthbearer.jwks.endpoint.url = null
	sasl.oauthbearer.scope.claim.name = scope
	sasl.oauthbearer.sub.claim.name = sub
	sasl.oauthbearer.token.endpoint.url = null
	security.protocol = PLAINTEXT
	security.providers = null
	send.buffer.bytes = 131072
	session.timeout.ms = 45000
	socket.connection.setup.timeout.max.ms = 30000
	socket.connection.setup.timeout.ms = 10000
	ssl.cipher.suites = null
	ssl.enabled.protocols = [TLSv1.2, TLSv1.3]
	ssl.endpoint.identification.algorithm = https
	ssl.engine.factory.class = null
	ssl.key.password = null
	ssl.keymanager.algorithm = SunX509
	ssl.keystore.certificate.chain = null
	ssl.keystore.key = null
	ssl.keystore.location = null
	ssl.keystore.password = null
	ssl.keystore.type = JKS
	ssl.protocol = TLSv1.3
	ssl.provider = null
	ssl.secure.random.implementation = null
	ssl.trustmanager.algorithm = PKIX
	ssl.truststore.certificates = null
	ssl.truststore.location = null
	ssl.truststore.password = null
	ssl.truststore.type = JKS
	value.deserializer = class org.springframework.kafka.support.serializer.JsonDeserializer

2026-04-08 20:45:55 [main] INFO  o.a.kafka.common.utils.AppInfoParser - Kafka version: 3.6.2
2026-04-08 20:45:55 [main] INFO  o.a.kafka.common.utils.AppInfoParser - Kafka commitId: c4deed513057c94e
2026-04-08 20:45:55 [main] INFO  o.a.kafka.common.utils.AppInfoParser - Kafka startTimeMs: 1775666755932
2026-04-08 20:45:55 [main] INFO  o.s.k.c.DefaultKafkaConsumerFactory$ExtendedKafkaConsumer - [Consumer clientId=consumer-movie-search-group-2, groupId=movie-search-group] Subscribed to topic(s): movie.events
2026-04-08 20:45:56 [main] INFO  c.ecommerce.application.Application - Started Application in 84.18 seconds (process running for 90.6)
2026-04-08 20:45:56 [org.springframework.kafka.KafkaListenerEndpointContainer#1-0-C-1] INFO  org.apache.kafka.clients.Metadata - [Consumer clientId=consumer-movie-search-group-2, groupId=movie-search-group] Cluster ID: gdZpHr3xQV2zE9BMy12-Hw
2026-04-08 20:45:56 [org.springframework.kafka.KafkaListenerEndpointContainer#0-0-C-1] INFO  org.apache.kafka.clients.Metadata - [Consumer clientId=consumer-actor-search-group-1, groupId=actor-search-group] Cluster ID: gdZpHr3xQV2zE9BMy12-Hw
2026-04-08 20:45:57 [org.springframework.kafka.KafkaListenerEndpointContainer#1-0-C-1] INFO  o.a.k.c.c.i.ConsumerCoordinator - [Consumer clientId=consumer-movie-search-group-2, groupId=movie-search-group] Discovered group coordinator localhost:9092 (id: 2147483646 rack: null)
2026-04-08 20:45:57 [org.springframework.kafka.KafkaListenerEndpointContainer#0-0-C-1] INFO  o.a.k.c.c.i.ConsumerCoordinator - [Consumer clientId=consumer-actor-search-group-1, groupId=actor-search-group] Discovered group coordinator localhost:9092 (id: 2147483646 rack: null)
2026-04-08 20:45:57 [org.springframework.kafka.KafkaListenerEndpointContainer#0-0-C-1] INFO  o.a.k.c.c.i.ConsumerCoordinator - [Consumer clientId=consumer-actor-search-group-1, groupId=actor-search-group] (Re-)joining group
2026-04-08 20:45:57 [org.springframework.kafka.KafkaListenerEndpointContainer#1-0-C-1] INFO  o.a.k.c.c.i.ConsumerCoordinator - [Consumer clientId=consumer-movie-search-group-2, groupId=movie-search-group] (Re-)joining group
2026-04-08 20:46:02 [org.springframework.kafka.KafkaListenerEndpointContainer#0-0-C-1] INFO  o.a.k.c.c.i.ConsumerCoordinator - [Consumer clientId=consumer-actor-search-group-1, groupId=actor-search-group] Request joining group due to: need to re-join with the given member-id: consumer-actor-search-group-1-5459ada3-85e8-47ff-8308-8381af98af4f
2026-04-08 20:46:02 [org.springframework.kafka.KafkaListenerEndpointContainer#0-0-C-1] INFO  o.a.k.c.c.i.ConsumerCoordinator - [Consumer clientId=consumer-actor-search-group-1, groupId=actor-search-group] Request joining group due to: rebalance failed due to 'The group member needs to have a valid member id before actually entering a consumer group.' (MemberIdRequiredException)
2026-04-08 20:46:02 [org.springframework.kafka.KafkaListenerEndpointContainer#0-0-C-1] INFO  o.a.k.c.c.i.ConsumerCoordinator - [Consumer clientId=consumer-actor-search-group-1, groupId=actor-search-group] (Re-)joining group
2026-04-08 20:46:02 [org.springframework.kafka.KafkaListenerEndpointContainer#1-0-C-1] INFO  o.a.k.c.c.i.ConsumerCoordinator - [Consumer clientId=consumer-movie-search-group-2, groupId=movie-search-group] Request joining group due to: need to re-join with the given member-id: consumer-movie-search-group-2-e10e0518-5dec-4cf5-b8b0-b1935b619306
2026-04-08 20:46:02 [org.springframework.kafka.KafkaListenerEndpointContainer#1-0-C-1] INFO  o.a.k.c.c.i.ConsumerCoordinator - [Consumer clientId=consumer-movie-search-group-2, groupId=movie-search-group] Request joining group due to: rebalance failed due to 'The group member needs to have a valid member id before actually entering a consumer group.' (MemberIdRequiredException)
2026-04-08 20:46:02 [org.springframework.kafka.KafkaListenerEndpointContainer#1-0-C-1] INFO  o.a.k.c.c.i.ConsumerCoordinator - [Consumer clientId=consumer-movie-search-group-2, groupId=movie-search-group] (Re-)joining group
2026-04-08 20:46:08 [org.springframework.kafka.KafkaListenerEndpointContainer#1-0-C-1] INFO  o.a.k.c.c.i.ConsumerCoordinator - [Consumer clientId=consumer-movie-search-group-2, groupId=movie-search-group] Successfully joined group with generation Generation{generationId=15, memberId='consumer-movie-search-group-2-e10e0518-5dec-4cf5-b8b0-b1935b619306', protocol='range'}
2026-04-08 20:46:08 [org.springframework.kafka.KafkaListenerEndpointContainer#1-0-C-1] INFO  o.a.k.c.c.i.ConsumerCoordinator - [Consumer clientId=consumer-movie-search-group-2, groupId=movie-search-group] Finished assignment for group at generation 15: {consumer-movie-search-group-2-e10e0518-5dec-4cf5-b8b0-b1935b619306=Assignment(partitions=[movie.events-0])}
2026-04-08 20:46:08 [org.springframework.kafka.KafkaListenerEndpointContainer#0-0-C-1] INFO  o.a.k.c.c.i.ConsumerCoordinator - [Consumer clientId=consumer-actor-search-group-1, groupId=actor-search-group] Successfully joined group with generation Generation{generationId=13, memberId='consumer-actor-search-group-1-5459ada3-85e8-47ff-8308-8381af98af4f', protocol='range'}
2026-04-08 20:46:08 [org.springframework.kafka.KafkaListenerEndpointContainer#0-0-C-1] INFO  o.a.k.c.c.i.ConsumerCoordinator - [Consumer clientId=consumer-actor-search-group-1, groupId=actor-search-group] Finished assignment for group at generation 13: {consumer-actor-search-group-1-5459ada3-85e8-47ff-8308-8381af98af4f=Assignment(partitions=[actor.events-0])}
2026-04-08 20:46:12 [org.springframework.kafka.KafkaListenerEndpointContainer#0-0-C-1] INFO  o.a.k.c.c.i.ConsumerCoordinator - [Consumer clientId=consumer-actor-search-group-1, groupId=actor-search-group] Successfully synced group in generation Generation{generationId=13, memberId='consumer-actor-search-group-1-5459ada3-85e8-47ff-8308-8381af98af4f', protocol='range'}
2026-04-08 20:46:12 [org.springframework.kafka.KafkaListenerEndpointContainer#1-0-C-1] INFO  o.a.k.c.c.i.ConsumerCoordinator - [Consumer clientId=consumer-movie-search-group-2, groupId=movie-search-group] Successfully synced group in generation Generation{generationId=15, memberId='consumer-movie-search-group-2-e10e0518-5dec-4cf5-b8b0-b1935b619306', protocol='range'}
2026-04-08 20:46:12 [org.springframework.kafka.KafkaListenerEndpointContainer#0-0-C-1] INFO  o.a.k.c.c.i.ConsumerCoordinator - [Consumer clientId=consumer-actor-search-group-1, groupId=actor-search-group] Notifying assignor about the new Assignment(partitions=[actor.events-0])
2026-04-08 20:46:12 [org.springframework.kafka.KafkaListenerEndpointContainer#1-0-C-1] INFO  o.a.k.c.c.i.ConsumerCoordinator - [Consumer clientId=consumer-movie-search-group-2, groupId=movie-search-group] Notifying assignor about the new Assignment(partitions=[movie.events-0])
2026-04-08 20:46:12 [org.springframework.kafka.KafkaListenerEndpointContainer#1-0-C-1] INFO  o.a.k.c.c.i.ConsumerCoordinator - [Consumer clientId=consumer-movie-search-group-2, groupId=movie-search-group] Adding newly assigned partitions: movie.events-0
2026-04-08 20:46:12 [org.springframework.kafka.KafkaListenerEndpointContainer#0-0-C-1] INFO  o.a.k.c.c.i.ConsumerCoordinator - [Consumer clientId=consumer-actor-search-group-1, groupId=actor-search-group] Adding newly assigned partitions: actor.events-0
2026-04-08 20:46:12 [org.springframework.kafka.KafkaListenerEndpointContainer#0-0-C-1] INFO  o.a.k.c.c.i.ConsumerCoordinator - [Consumer clientId=consumer-actor-search-group-1, groupId=actor-search-group] Setting offset for partition actor.events-0 to the committed offset FetchPosition{offset=19, offsetEpoch=Optional.empty, currentLeader=LeaderAndEpoch{leader=Optional[localhost:9092 (id: 1 rack: null)], epoch=0}}
2026-04-08 20:46:12 [org.springframework.kafka.KafkaListenerEndpointContainer#0-0-C-1] INFO  o.s.k.l.KafkaMessageListenerContainer - actor-search-group: partitions assigned: [actor.events-0]
2026-04-08 20:46:12 [org.springframework.kafka.KafkaListenerEndpointContainer#1-0-C-1] INFO  o.a.k.c.c.i.ConsumerCoordinator - [Consumer clientId=consumer-movie-search-group-2, groupId=movie-search-group] Setting offset for partition movie.events-0 to the committed offset FetchPosition{offset=10, offsetEpoch=Optional.empty, currentLeader=LeaderAndEpoch{leader=Optional[localhost:9092 (id: 1 rack: null)], epoch=0}}
2026-04-08 20:46:12 [org.springframework.kafka.KafkaListenerEndpointContainer#1-0-C-1] INFO  o.s.k.l.KafkaMessageListenerContainer - movie-search-group: partitions assigned: [movie.events-0]
2026-04-08 20:49:59 [cluster-ClusterId{value='69d6861c23de0561016af4f9', description='null'}-localhost:27017] INFO  org.mongodb.driver.cluster - Exception in monitor thread while connecting to server localhost:27017
com.mongodb.MongoSocketReadTimeoutException: Timeout while receiving message
	at com.mongodb.connection.netty.NettyStream$InboundBufferHandler.exceptionCaught(NettyStream.java:441)
	at io.netty.channel.AbstractChannelHandlerContext.invokeExceptionCaught(AbstractChannelHandlerContext.java:346)
	at io.netty.channel.AbstractChannelHandlerContext.invokeExceptionCaught(AbstractChannelHandlerContext.java:325)
	at io.netty.channel.AbstractChannelHandlerContext.fireExceptionCaught(AbstractChannelHandlerContext.java:317)
	at com.mongodb.connection.netty.NettyStream$ReadTimeoutTask.run(NettyStream.java:573)
	at io.netty.util.concurrent.PromiseTask.runTask(PromiseTask.java:98)
	at io.netty.util.concurrent.ScheduledFutureTask.run(ScheduledFutureTask.java:153)
	at io.netty.util.concurrent.AbstractEventExecutor.runTask(AbstractEventExecutor.java:173)
	at io.netty.util.concurrent.AbstractEventExecutor.safeExecute(AbstractEventExecutor.java:166)
	at io.netty.util.concurrent.SingleThreadEventExecutor.runAllTasks(SingleThreadEventExecutor.java:470)
	at io.netty.channel.nio.NioEventLoop.run(NioEventLoop.java:569)
	at io.netty.util.concurrent.SingleThreadEventExecutor$4.run(SingleThreadEventExecutor.java:997)
	at io.netty.util.internal.ThreadExecutorMap$2.run(ThreadExecutorMap.java:74)
	at io.netty.util.concurrent.FastThreadLocalRunnable.run(FastThreadLocalRunnable.java:30)
	at java.base/java.lang.Thread.run(Thread.java:840)
Caused by: io.netty.handler.timeout.ReadTimeoutException: null
2026-04-08 20:50:02 [org.springframework.kafka.KafkaListenerEndpointContainer#0-0-C-1] INFO  o.apache.kafka.clients.NetworkClient - [Consumer clientId=consumer-actor-search-group-1, groupId=actor-search-group] Disconnecting from node 2147483646 due to request timeout.
2026-04-08 20:50:03 [org.springframework.kafka.KafkaListenerEndpointContainer#0-0-C-1] INFO  o.apache.kafka.clients.NetworkClient - [Consumer clientId=consumer-actor-search-group-1, groupId=actor-search-group] Cancelled in-flight HEARTBEAT request with correlation id 327 due to node 2147483646 being disconnected (elapsed time since creation: 30515ms, elapsed time since send: 30515ms, request timeout: 30000ms)
2026-04-08 20:50:03 [org.springframework.kafka.KafkaListenerEndpointContainer#0-0-C-1] INFO  o.apache.kafka.clients.NetworkClient - [Consumer clientId=consumer-actor-search-group-1, groupId=actor-search-group] Cancelled in-flight HEARTBEAT request with correlation id 329 due to node 2147483646 being disconnected (elapsed time since creation: 27501ms, elapsed time since send: 27501ms, request timeout: 30000ms)
2026-04-08 20:50:03 [org.springframework.kafka.KafkaListenerEndpointContainer#0-0-C-1] INFO  o.apache.kafka.clients.NetworkClient - [Consumer clientId=consumer-actor-search-group-1, groupId=actor-search-group] Cancelled in-flight HEARTBEAT request with correlation id 330 due to node 2147483646 being disconnected (elapsed time since creation: 24068ms, elapsed time since send: 24067ms, request timeout: 30000ms)
2026-04-08 20:50:03 [org.springframework.kafka.KafkaListenerEndpointContainer#0-0-C-1] INFO  o.apache.kafka.clients.NetworkClient - [Consumer clientId=consumer-actor-search-group-1, groupId=actor-search-group] Cancelled in-flight HEARTBEAT request with correlation id 331 due to node 2147483646 being disconnected (elapsed time since creation: 21066ms, elapsed time since send: 21066ms, request timeout: 30000ms)
2026-04-08 20:50:03 [org.springframework.kafka.KafkaListenerEndpointContainer#0-0-C-1] INFO  o.apache.kafka.clients.NetworkClient - [Consumer clientId=consumer-actor-search-group-1, groupId=actor-search-group] Cancelled in-flight HEARTBEAT request with correlation id 332 due to node 2147483646 being disconnected (elapsed time since creation: 18060ms, elapsed time since send: 18060ms, request timeout: 30000ms)
2026-04-08 20:50:03 [org.springframework.kafka.KafkaListenerEndpointContainer#0-0-C-1] INFO  o.apache.kafka.clients.NetworkClient - [Consumer clientId=consumer-actor-search-group-1, groupId=actor-search-group] Cancelled in-flight HEARTBEAT request with correlation id 333 due to node 2147483646 being disconnected (elapsed time since creation: 15046ms, elapsed time since send: 15045ms, request timeout: 30000ms)
2026-04-08 20:50:03 [org.springframework.kafka.KafkaListenerEndpointContainer#0-0-C-1] INFO  o.apache.kafka.clients.NetworkClient - [Consumer clientId=consumer-actor-search-group-1, groupId=actor-search-group] Cancelled in-flight HEARTBEAT request with correlation id 334 due to node 2147483646 being disconnected (elapsed time since creation: 12038ms, elapsed time since send: 12038ms, request timeout: 30000ms)
2026-04-08 20:50:03 [org.springframework.kafka.KafkaListenerEndpointContainer#0-0-C-1] INFO  o.apache.kafka.clients.NetworkClient - [Consumer clientId=consumer-actor-search-group-1, groupId=actor-search-group] Cancelled in-flight HEARTBEAT request with correlation id 335 due to node 2147483646 being disconnected (elapsed time since creation: 9023ms, elapsed time since send: 9023ms, request timeout: 30000ms)
2026-04-08 20:50:03 [org.springframework.kafka.KafkaListenerEndpointContainer#0-0-C-1] INFO  o.apache.kafka.clients.NetworkClient - [Consumer clientId=consumer-actor-search-group-1, groupId=actor-search-group] Cancelled in-flight HEARTBEAT request with correlation id 336 due to node 2147483646 being disconnected (elapsed time since creation: 6008ms, elapsed time since send: 6008ms, request timeout: 30000ms)
2026-04-08 20:50:03 [org.springframework.kafka.KafkaListenerEndpointContainer#0-0-C-1] INFO  o.apache.kafka.clients.NetworkClient - [Consumer clientId=consumer-actor-search-group-1, groupId=actor-search-group] Cancelled in-flight HEARTBEAT request with correlation id 337 due to node 2147483646 being disconnected (elapsed time since creation: 3000ms, elapsed time since send: 3000ms, request timeout: 30000ms)
2026-04-08 20:50:03 [kafka-coordinator-heartbeat-thread | actor-search-group] INFO  o.a.k.c.c.i.ConsumerCoordinator - [Consumer clientId=consumer-actor-search-group-1, groupId=actor-search-group] Group coordinator localhost:9092 (id: 2147483646 rack: null) is unavailable or invalid due to cause: null. isDisconnected: true. Rediscovery will be attempted.
2026-04-08 20:50:03 [org.springframework.kafka.KafkaListenerEndpointContainer#1-0-C-1] INFO  o.apache.kafka.clients.NetworkClient - [Consumer clientId=consumer-movie-search-group-2, groupId=movie-search-group] Disconnecting from node 2147483646 due to request timeout.
2026-04-08 20:50:03 [org.springframework.kafka.KafkaListenerEndpointContainer#1-0-C-1] INFO  o.apache.kafka.clients.NetworkClient - [Consumer clientId=consumer-movie-search-group-2, groupId=movie-search-group] Cancelled in-flight HEARTBEAT request with correlation id 326 due to node 2147483646 being disconnected (elapsed time since creation: 30075ms, elapsed time since send: 30075ms, request timeout: 30000ms)
2026-04-08 20:50:03 [org.springframework.kafka.KafkaListenerEndpointContainer#1-0-C-1] INFO  o.apache.kafka.clients.NetworkClient - [Consumer clientId=consumer-movie-search-group-2, groupId=movie-search-group] Cancelled in-flight HEARTBEAT request with correlation id 327 due to node 2147483646 being disconnected (elapsed time since creation: 27075ms, elapsed time since send: 27075ms, request timeout: 30000ms)
2026-04-08 20:50:03 [org.springframework.kafka.KafkaListenerEndpointContainer#1-0-C-1] INFO  o.apache.kafka.clients.NetworkClient - [Consumer clientId=consumer-movie-search-group-2, groupId=movie-search-group] Cancelled in-flight HEARTBEAT request with correlation id 328 due to node 2147483646 being disconnected (elapsed time since creation: 24074ms, elapsed time since send: 24074ms, request timeout: 30000ms)
2026-04-08 20:50:03 [org.springframework.kafka.KafkaListenerEndpointContainer#1-0-C-1] INFO  o.apache.kafka.clients.NetworkClient - [Consumer clientId=consumer-movie-search-group-2, groupId=movie-search-group] Cancelled in-flight HEARTBEAT request with correlation id 330 due to node 2147483646 being disconnected (elapsed time since creation: 21063ms, elapsed time since send: 21062ms, request timeout: 30000ms)
2026-04-08 20:50:03 [org.springframework.kafka.KafkaListenerEndpointContainer#1-0-C-1] INFO  o.apache.kafka.clients.NetworkClient - [Consumer clientId=consumer-movie-search-group-2, groupId=movie-search-group] Cancelled in-flight HEARTBEAT request with correlation id 331 due to node 2147483646 being disconnected (elapsed time since creation: 18050ms, elapsed time since send: 18050ms, request timeout: 30000ms)
2026-04-08 20:50:03 [org.springframework.kafka.KafkaListenerEndpointContainer#1-0-C-1] INFO  o.apache.kafka.clients.NetworkClient - [Consumer clientId=consumer-movie-search-group-2, groupId=movie-search-group] Cancelled in-flight HEARTBEAT request with correlation id 332 due to node 2147483646 being disconnected (elapsed time since creation: 15044ms, elapsed time since send: 15044ms, request timeout: 30000ms)
2026-04-08 20:50:03 [org.springframework.kafka.KafkaListenerEndpointContainer#1-0-C-1] INFO  o.apache.kafka.clients.NetworkClient - [Consumer clientId=consumer-movie-search-group-2, groupId=movie-search-group] Cancelled in-flight HEARTBEAT request with correlation id 333 due to node 2147483646 being disconnected (elapsed time since creation: 12033ms, elapsed time since send: 12033ms, request timeout: 30000ms)
2026-04-08 20:50:03 [org.springframework.kafka.KafkaListenerEndpointContainer#1-0-C-1] INFO  o.apache.kafka.clients.NetworkClient - [Consumer clientId=consumer-movie-search-group-2, groupId=movie-search-group] Cancelled in-flight HEARTBEAT request with correlation id 334 due to node 2147483646 being disconnected (elapsed time since creation: 9023ms, elapsed time since send: 9023ms, request timeout: 30000ms)
2026-04-08 20:50:03 [org.springframework.kafka.KafkaListenerEndpointContainer#1-0-C-1] INFO  o.apache.kafka.clients.NetworkClient - [Consumer clientId=consumer-movie-search-group-2, groupId=movie-search-group] Cancelled in-flight HEARTBEAT request with correlation id 335 due to node 2147483646 being disconnected (elapsed time since creation: 6017ms, elapsed time since send: 6017ms, request timeout: 30000ms)
2026-04-08 20:50:03 [org.springframework.kafka.KafkaListenerEndpointContainer#1-0-C-1] INFO  o.apache.kafka.clients.NetworkClient - [Consumer clientId=consumer-movie-search-group-2, groupId=movie-search-group] Cancelled in-flight HEARTBEAT request with correlation id 336 due to node 2147483646 being disconnected (elapsed time since creation: 3014ms, elapsed time since send: 3013ms, request timeout: 30000ms)
2026-04-08 20:50:03 [kafka-coordinator-heartbeat-thread | movie-search-group] INFO  o.a.k.c.c.i.ConsumerCoordinator - [Consumer clientId=consumer-movie-search-group-2, groupId=movie-search-group] Group coordinator localhost:9092 (id: 2147483646 rack: null) is unavailable or invalid due to cause: null. isDisconnected: true. Rediscovery will be attempted.
2026-04-08 20:50:07 [org.springframework.kafka.KafkaListenerEndpointContainer#0-0-C-1] INFO  o.apache.kafka.clients.NetworkClient - [Consumer clientId=consumer-actor-search-group-1, groupId=actor-search-group] Disconnecting from node 1 due to request timeout.
2026-04-08 20:50:07 [org.springframework.kafka.KafkaListenerEndpointContainer#0-0-C-1] INFO  o.apache.kafka.clients.NetworkClient - [Consumer clientId=consumer-actor-search-group-1, groupId=actor-search-group] Cancelled in-flight FETCH request with correlation id 328 due to node 1 being disconnected (elapsed time since creation: 33020ms, elapsed time since send: 33020ms, request timeout: 30000ms)
2026-04-08 20:50:07 [org.springframework.kafka.KafkaListenerEndpointContainer#0-0-C-1] INFO  o.apache.kafka.clients.NetworkClient - [Consumer clientId=consumer-actor-search-group-1, groupId=actor-search-group] Cancelled in-flight METADATA request with correlation id 338 due to node 1 being disconnected (elapsed time since creation: 7303ms, elapsed time since send: 7303ms, request timeout: 30000ms)
2026-04-08 20:50:07 [org.springframework.kafka.KafkaListenerEndpointContainer#0-0-C-1] INFO  o.apache.kafka.clients.NetworkClient - [Consumer clientId=consumer-actor-search-group-1, groupId=actor-search-group] Cancelled in-flight FIND_COORDINATOR request with correlation id 339 due to node 1 being disconnected (elapsed time since creation: 4249ms, elapsed time since send: 4266ms, request timeout: 30000ms)
2026-04-08 20:50:07 [org.springframework.kafka.KafkaListenerEndpointContainer#0-0-C-1] INFO  o.apache.kafka.clients.NetworkClient - [Consumer clientId=consumer-actor-search-group-1, groupId=actor-search-group] Cancelled in-flight FIND_COORDINATOR request with correlation id 340 due to node 1 being disconnected (elapsed time since creation: 3249ms, elapsed time since send: 3249ms, request timeout: 30000ms)
2026-04-08 20:50:07 [org.springframework.kafka.KafkaListenerEndpointContainer#0-0-C-1] INFO  o.a.k.clients.FetchSessionHandler - [Consumer clientId=consumer-actor-search-group-1, groupId=actor-search-group] Error sending fetch request (sessionId=227714981, epoch=251) to node 1:
org.apache.kafka.common.errors.DisconnectException: null
2026-04-08 20:50:12 [org.springframework.kafka.KafkaListenerEndpointContainer#1-0-C-1] INFO  o.apache.kafka.clients.NetworkClient - [Consumer clientId=consumer-movie-search-group-2, groupId=movie-search-group] Disconnecting from node 1 due to request timeout.
2026-04-08 20:50:12 [org.springframework.kafka.KafkaListenerEndpointContainer#1-0-C-1] INFO  o.apache.kafka.clients.NetworkClient - [Consumer clientId=consumer-movie-search-group-2, groupId=movie-search-group] Cancelled in-flight FETCH request with correlation id 329 due to node 1 being disconnected (elapsed time since creation: 31599ms, elapsed time since send: 31599ms, request timeout: 30000ms)
2026-04-08 20:50:12 [org.springframework.kafka.KafkaListenerEndpointContainer#1-0-C-1] INFO  o.apache.kafka.clients.NetworkClient - [Consumer clientId=consumer-movie-search-group-2, groupId=movie-search-group] Cancelled in-flight METADATA request with correlation id 337 due to node 1 being disconnected (elapsed time since creation: 10674ms, elapsed time since send: 10674ms, request timeout: 30000ms)
2026-04-08 20:50:12 [org.springframework.kafka.KafkaListenerEndpointContainer#1-0-C-1] INFO  o.apache.kafka.clients.NetworkClient - [Consumer clientId=consumer-movie-search-group-2, groupId=movie-search-group] Cancelled in-flight FIND_COORDINATOR request with correlation id 338 due to node 1 being disconnected (elapsed time since creation: 5717ms, elapsed time since send: 5717ms, request timeout: 30000ms)
2026-04-08 20:50:12 [org.springframework.kafka.KafkaListenerEndpointContainer#1-0-C-1] INFO  o.apache.kafka.clients.NetworkClient - [Consumer clientId=consumer-movie-search-group-2, groupId=movie-search-group] Cancelled in-flight FIND_COORDINATOR request with correlation id 339 due to node 1 being disconnected (elapsed time since creation: 5714ms, elapsed time since send: 5716ms, request timeout: 30000ms)
2026-04-08 20:50:12 [org.springframework.kafka.KafkaListenerEndpointContainer#1-0-C-1] INFO  o.a.k.clients.FetchSessionHandler - [Consumer clientId=consumer-movie-search-group-2, groupId=movie-search-group] Error sending fetch request (sessionId=510497718, epoch=249) to node 1:
org.apache.kafka.common.errors.DisconnectException: null
2026-04-08 20:50:24 [cluster-ClusterId{value='69d6861c23de0561016af4f9', description='null'}-localhost:27017] INFO  org.mongodb.driver.cluster - Monitor thread successfully connected to server with description ServerDescription{address=localhost:27017, type=STANDALONE, state=CONNECTED, ok=true, minWireVersion=0, maxWireVersion=27, maxDocumentSize=16777216, logicalSessionTimeoutMinutes=30, roundTripTimeNanos=4310985400}
2026-04-08 20:50:30 [org.springframework.kafka.KafkaListenerEndpointContainer#0-0-C-1] INFO  o.a.k.c.c.i.ConsumerCoordinator - [Consumer clientId=consumer-actor-search-group-1, groupId=actor-search-group] Discovered group coordinator localhost:9092 (id: 2147483646 rack: null)
2026-04-08 20:50:32 [org.springframework.kafka.KafkaListenerEndpointContainer#0-0-C-1] INFO  o.a.k.c.c.i.ConsumerCoordinator - [Consumer clientId=consumer-actor-search-group-1, groupId=actor-search-group] Discovered group coordinator localhost:9092 (id: 2147483646 rack: null)
2026-04-08 20:50:32 [org.springframework.kafka.KafkaListenerEndpointContainer#1-0-C-1] INFO  o.a.k.c.c.i.ConsumerCoordinator - [Consumer clientId=consumer-movie-search-group-2, groupId=movie-search-group] Discovered group coordinator localhost:9092 (id: 2147483646 rack: null)
2026-04-08 20:50:32 [org.springframework.kafka.KafkaListenerEndpointContainer#0-0-C-1] INFO  o.a.k.c.c.i.ConsumerCoordinator - [Consumer clientId=consumer-actor-search-group-1, groupId=actor-search-group] Discovered group coordinator localhost:9092 (id: 2147483646 rack: null)
2026-04-08 20:50:32 [org.springframework.kafka.KafkaListenerEndpointContainer#0-0-C-1] INFO  o.a.k.c.c.i.ConsumerCoordinator - [Consumer clientId=consumer-actor-search-group-1, groupId=actor-search-group] Discovered group coordinator localhost:9092 (id: 2147483646 rack: null)
2026-04-08 20:50:33 [org.springframework.kafka.KafkaListenerEndpointContainer#0-0-C-1] INFO  o.a.k.c.c.i.ConsumerCoordinator - [Consumer clientId=consumer-actor-search-group-1, groupId=actor-search-group] Discovered group coordinator localhost:9092 (id: 2147483646 rack: null)
2026-04-08 20:50:33 [kafka-coordinator-heartbeat-thread | movie-search-group] INFO  o.a.k.c.c.i.ConsumerCoordinator - [Consumer clientId=consumer-movie-search-group-2, groupId=movie-search-group] Discovered group coordinator localhost:9092 (id: 2147483646 rack: null)
2026-04-08 20:50:33 [org.springframework.kafka.KafkaListenerEndpointContainer#1-0-C-1] INFO  o.a.k.c.c.i.ConsumerCoordinator - [Consumer clientId=consumer-movie-search-group-2, groupId=movie-search-group] Discovered group coordinator localhost:9092 (id: 2147483646 rack: null)
2026-04-08 20:54:58 [org.springframework.kafka.KafkaListenerEndpointContainer#1-0-C-1] INFO  o.apache.kafka.clients.NetworkClient - [Consumer clientId=consumer-movie-search-group-2, groupId=movie-search-group] Node -1 disconnected.
2026-04-08 20:54:58 [org.springframework.kafka.KafkaListenerEndpointContainer#0-0-C-1] INFO  o.apache.kafka.clients.NetworkClient - [Consumer clientId=consumer-actor-search-group-1, groupId=actor-search-group] Node -1 disconnected.
2026-04-08 20:55:48 [nioEventLoopGroup-3-1] INFO  o.a.k.c.producer.ProducerConfig - ProducerConfig values: 
	acks = -1
	auto.include.jmx.reporter = true
	batch.size = 16384
	bootstrap.servers = [localhost:9092]
	buffer.memory = 33554432
	client.dns.lookup = use_all_dns_ips
	client.id = producer-1
	compression.type = none
	connections.max.idle.ms = 540000
	delivery.timeout.ms = 120000
	enable.idempotence = true
	interceptor.classes = []
	key.serializer = class org.apache.kafka.common.serialization.StringSerializer
	linger.ms = 0
	max.block.ms = 60000
	max.in.flight.requests.per.connection = 5
	max.request.size = 1048576
	metadata.max.age.ms = 300000
	metadata.max.idle.ms = 300000
	metric.reporters = []
	metrics.num.samples = 2
	metrics.recording.level = INFO
	metrics.sample.window.ms = 30000
	partitioner.adaptive.partitioning.enable = true
	partitioner.availability.timeout.ms = 0
	partitioner.class = null
	partitioner.ignore.keys = false
	receive.buffer.bytes = 32768
	reconnect.backoff.max.ms = 1000
	reconnect.backoff.ms = 50
	request.timeout.ms = 30000
	retries = 2147483647
	retry.backoff.ms = 100
	sasl.client.callback.handler.class = null
	sasl.jaas.config = null
	sasl.kerberos.kinit.cmd = /usr/bin/kinit
	sasl.kerberos.min.time.before.relogin = 60000
	sasl.kerberos.service.name = null
	sasl.kerberos.ticket.renew.jitter = 0.05
	sasl.kerberos.ticket.renew.window.factor = 0.8
	sasl.login.callback.handler.class = null
	sasl.login.class = null
	sasl.login.connect.timeout.ms = null
	sasl.login.read.timeout.ms = null
	sasl.login.refresh.buffer.seconds = 300
	sasl.login.refresh.min.period.seconds = 60
	sasl.login.refresh.window.factor = 0.8
	sasl.login.refresh.window.jitter = 0.05
	sasl.login.retry.backoff.max.ms = 10000
	sasl.login.retry.backoff.ms = 100
	sasl.mechanism = GSSAPI
	sasl.oauthbearer.clock.skew.seconds = 30
	sasl.oauthbearer.expected.audience = null
	sasl.oauthbearer.expected.issuer = null
	sasl.oauthbearer.jwks.endpoint.refresh.ms = 3600000
	sasl.oauthbearer.jwks.endpoint.retry.backoff.max.ms = 10000
	sasl.oauthbearer.jwks.endpoint.retry.backoff.ms = 100
	sasl.oauthbearer.jwks.endpoint.url = null
	sasl.oauthbearer.scope.claim.name = scope
	sasl.oauthbearer.sub.claim.name = sub
	sasl.oauthbearer.token.endpoint.url = null
	security.protocol = PLAINTEXT
	security.providers = null
	send.buffer.bytes = 131072
	socket.connection.setup.timeout.max.ms = 30000
	socket.connection.setup.timeout.ms = 10000
	ssl.cipher.suites = null
	ssl.enabled.protocols = [TLSv1.2, TLSv1.3]
	ssl.endpoint.identification.algorithm = https
	ssl.engine.factory.class = null
	ssl.key.password = null
	ssl.keymanager.algorithm = SunX509
	ssl.keystore.certificate.chain = null
	ssl.keystore.key = null
	ssl.keystore.location = null
	ssl.keystore.password = null
	ssl.keystore.type = JKS
	ssl.protocol = TLSv1.3
	ssl.provider = null
	ssl.secure.random.implementation = null
	ssl.trustmanager.algorithm = PKIX
	ssl.truststore.certificates = null
	ssl.truststore.location = null
	ssl.truststore.password = null
	ssl.truststore.type = JKS
	transaction.timeout.ms = 60000
	transactional.id = null
	value.serializer = class org.springframework.kafka.support.serializer.JsonSerializer

2026-04-08 20:55:48 [nioEventLoopGroup-3-1] INFO  o.a.k.clients.producer.KafkaProducer - [Producer clientId=producer-1] Instantiated an idempotent producer.
2026-04-08 20:55:48 [nioEventLoopGroup-3-1] INFO  o.a.kafka.common.utils.AppInfoParser - Kafka version: 3.6.2
2026-04-08 20:55:48 [nioEventLoopGroup-3-1] INFO  o.a.kafka.common.utils.AppInfoParser - Kafka commitId: c4deed513057c94e
2026-04-08 20:55:48 [nioEventLoopGroup-3-1] INFO  o.a.kafka.common.utils.AppInfoParser - Kafka startTimeMs: 1775667348728
2026-04-08 20:55:50 [kafka-producer-network-thread | producer-1] INFO  org.apache.kafka.clients.Metadata - [Producer clientId=producer-1] Cluster ID: gdZpHr3xQV2zE9BMy12-Hw
2026-04-08 20:55:50 [nioEventLoopGroup-3-1] INFO  c.e.m.producer.ActorProducer - Actor event sent
2026-04-08 20:57:08 [kafka-producer-network-thread | producer-1] INFO  o.a.k.c.p.i.TransactionManager - [Producer clientId=producer-1] ProducerId set to 2000 with epoch 0
2026-04-08 20:57:31 [I/O dispatcher 1] INFO  c.e.m.consumer.ActorConsumer - Actor created/updated: Leonardo
2026-04-08 20:57:39 [nioEventLoopGroup-3-1] INFO  c.e.m.producer.ActorProducer - Actor event sent
2026-04-08 20:57:44 [I/O dispatcher 1] INFO  c.e.m.consumer.ActorConsumer - Actor created/updated: Scarlett
2026-04-08 20:57:57 [nioEventLoopGroup-3-1] INFO  c.e.m.producer.ActorProducer - Actor event sent
2026-04-08 20:57:58 [I/O dispatcher 1] INFO  c.e.m.consumer.ActorConsumer - Actor created/updated: Robert
2026-04-08 20:58:12 [nioEventLoopGroup-3-1] INFO  c.e.m.producer.ActorProducer - Actor event sent
2026-04-08 20:58:14 [I/O dispatcher 1] INFO  c.e.m.consumer.ActorConsumer - Actor created/updated: Jennifer
2026-04-08 20:58:25 [nioEventLoopGroup-3-1] INFO  c.e.m.producer.ActorProducer - Actor event sent
2026-04-08 20:58:28 [I/O dispatcher 1] INFO  c.e.m.consumer.ActorConsumer - Actor created/updated: Tom
2026-04-08 20:58:40 [nioEventLoopGroup-3-1] INFO  c.e.m.producer.ActorProducer - Actor event sent
2026-04-08 20:58:42 [I/O dispatcher 1] INFO  c.e.m.consumer.ActorConsumer - Actor created/updated: Emma
2026-04-08 20:58:58 [nioEventLoopGroup-3-1] INFO  c.e.m.producer.ActorProducer - Actor event sent
2026-04-08 20:59:00 [I/O dispatcher 1] INFO  c.e.m.consumer.ActorConsumer - Actor created/updated: Brad
2026-04-08 20:59:14 [nioEventLoopGroup-3-1] INFO  c.e.m.producer.ActorProducer - Actor event sent
2026-04-08 20:59:16 [I/O dispatcher 1] INFO  c.e.m.consumer.ActorConsumer - Actor created/updated: Angelina
2026-04-08 20:59:38 [nioEventLoopGroup-3-1] INFO  c.e.m.producer.ActorProducer - Actor event sent
2026-04-08 20:59:41 [I/O dispatcher 1] INFO  c.e.m.consumer.ActorConsumer - Actor created/updated: Keanu
2026-04-08 20:59:52 [nioEventLoopGroup-3-1] INFO  c.e.m.producer.ActorProducer - Actor event sent
2026-04-08 20:59:54 [I/O dispatcher 1] INFO  c.e.m.consumer.ActorConsumer - Actor created/updated: Natalie
2026-04-08 21:02:56 [org.springframework.kafka.KafkaListenerEndpointContainer#1-0-C-1] INFO  o.apache.kafka.clients.NetworkClient - [Consumer clientId=consumer-movie-search-group-2, groupId=movie-search-group] Disconnecting from node 1 due to request timeout.
2026-04-08 21:02:56 [org.springframework.kafka.KafkaListenerEndpointContainer#1-0-C-1] INFO  o.apache.kafka.clients.NetworkClient - [Consumer clientId=consumer-movie-search-group-2, groupId=movie-search-group] Cancelled in-flight FETCH request with correlation id 1408 due to node 1 being disconnected (elapsed time since creation: 30306ms, elapsed time since send: 30306ms, request timeout: 30000ms)
2026-04-08 21:02:56 [org.springframework.kafka.KafkaListenerEndpointContainer#1-0-C-1] INFO  o.a.k.clients.FetchSessionHandler - [Consumer clientId=consumer-movie-search-group-2, groupId=movie-search-group] Error sending fetch request (sessionId=602725796, epoch=824) to node 1:
org.apache.kafka.common.errors.DisconnectException: null
2026-04-08 21:04:42 [cluster-ClusterId{value='69d6861c23de0561016af4f9', description='null'}-localhost:27017] INFO  org.mongodb.driver.cluster - Exception in monitor thread while connecting to server localhost:27017
com.mongodb.MongoSocketReadTimeoutException: Timeout while receiving message
	at com.mongodb.connection.netty.NettyStream$InboundBufferHandler.exceptionCaught(NettyStream.java:441)
	at io.netty.channel.AbstractChannelHandlerContext.invokeExceptionCaught(AbstractChannelHandlerContext.java:346)
	at io.netty.channel.AbstractChannelHandlerContext.invokeExceptionCaught(AbstractChannelHandlerContext.java:325)
	at io.netty.channel.AbstractChannelHandlerContext.fireExceptionCaught(AbstractChannelHandlerContext.java:317)
	at com.mongodb.connection.netty.NettyStream$ReadTimeoutTask.run(NettyStream.java:573)
	at io.netty.util.concurrent.PromiseTask.runTask(PromiseTask.java:98)
	at io.netty.util.concurrent.ScheduledFutureTask.run(ScheduledFutureTask.java:153)
	at io.netty.util.concurrent.AbstractEventExecutor.runTask(AbstractEventExecutor.java:173)
	at io.netty.util.concurrent.AbstractEventExecutor.safeExecute(AbstractEventExecutor.java:166)
	at io.netty.util.concurrent.SingleThreadEventExecutor.runAllTasks(SingleThreadEventExecutor.java:470)
	at io.netty.channel.nio.NioEventLoop.run(NioEventLoop.java:569)
	at io.netty.util.concurrent.SingleThreadEventExecutor$4.run(SingleThreadEventExecutor.java:997)
	at io.netty.util.internal.ThreadExecutorMap$2.run(ThreadExecutorMap.java:74)
	at io.netty.util.concurrent.FastThreadLocalRunnable.run(FastThreadLocalRunnable.java:30)
	at java.base/java.lang.Thread.run(Thread.java:840)
Caused by: io.netty.handler.timeout.ReadTimeoutException: null
2026-04-08 21:05:01 [reactor-http-nio-3] INFO  org.mongodb.driver.cluster - No server chosen by ReadPreferenceServerSelector{readPreference=primary} from cluster description ClusterDescription{type=UNKNOWN, connectionMode=SINGLE, serverDescriptions=[ServerDescription{address=localhost:27017, type=UNKNOWN, state=CONNECTING, exception={com.mongodb.MongoSocketReadTimeoutException: Timeout while receiving message}, caused by {io.netty.handler.timeout.ReadTimeoutException}}]}. Waiting for 1000000000 ms before timing out
2026-04-08 21:05:01 [reactor-http-nio-3] INFO  org.mongodb.driver.cluster - No server chosen by ReadPreferenceServerSelector{readPreference=primary} from cluster description ClusterDescription{type=UNKNOWN, connectionMode=SINGLE, serverDescriptions=[ServerDescription{address=localhost:27017, type=UNKNOWN, state=CONNECTING, exception={com.mongodb.MongoSocketReadTimeoutException: Timeout while receiving message}, caused by {io.netty.handler.timeout.ReadTimeoutException}}]}. Waiting for 1000000000 ms before timing out
2026-04-08 21:05:20 [kafka-producer-network-thread | producer-1] INFO  o.apache.kafka.clients.NetworkClient - [Producer clientId=producer-1] Node -1 disconnected.
2026-04-08 21:06:21 [org.springframework.kafka.KafkaListenerEndpointContainer#0-0-C-1] INFO  o.apache.kafka.clients.NetworkClient - [Consumer clientId=consumer-actor-search-group-1, groupId=actor-search-group] Disconnecting from node 1 due to request timeout.
2026-04-08 21:06:21 [org.springframework.kafka.KafkaListenerEndpointContainer#0-0-C-1] INFO  o.apache.kafka.clients.NetworkClient - [Consumer clientId=consumer-actor-search-group-1, groupId=actor-search-group] Cancelled in-flight FETCH request with correlation id 1554 due to node 1 being disconnected (elapsed time since creation: 31066ms, elapsed time since send: 31066ms, request timeout: 30000ms)
2026-04-08 21:06:21 [org.springframework.kafka.KafkaListenerEndpointContainer#0-0-C-1] INFO  o.apache.kafka.clients.NetworkClient - [Consumer clientId=consumer-actor-search-group-1, groupId=actor-search-group] Disconnecting from node 2147483646 due to request timeout.
2026-04-08 21:06:21 [org.springframework.kafka.KafkaListenerEndpointContainer#0-0-C-1] INFO  o.apache.kafka.clients.NetworkClient - [Consumer clientId=consumer-actor-search-group-1, groupId=actor-search-group] Cancelled in-flight HEARTBEAT request with correlation id 1553 due to node 2147483646 being disconnected (elapsed time since creation: 31107ms, elapsed time since send: 31106ms, request timeout: 30000ms)
2026-04-08 21:06:21 [org.springframework.kafka.KafkaListenerEndpointContainer#0-0-C-1] INFO  o.apache.kafka.clients.NetworkClient - [Consumer clientId=consumer-actor-search-group-1, groupId=actor-search-group] Cancelled in-flight HEARTBEAT request with correlation id 1555 due to node 2147483646 being disconnected (elapsed time since creation: 28101ms, elapsed time since send: 28101ms, request timeout: 30000ms)
2026-04-08 21:06:21 [org.springframework.kafka.KafkaListenerEndpointContainer#0-0-C-1] INFO  o.apache.kafka.clients.NetworkClient - [Consumer clientId=consumer-actor-search-group-1, groupId=actor-search-group] Cancelled in-flight HEARTBEAT request with correlation id 1556 due to node 2147483646 being disconnected (elapsed time since creation: 25079ms, elapsed time since send: 25079ms, request timeout: 30000ms)
2026-04-08 21:06:21 [org.springframework.kafka.KafkaListenerEndpointContainer#0-0-C-1] INFO  o.apache.kafka.clients.NetworkClient - [Consumer clientId=consumer-actor-search-group-1, groupId=actor-search-group] Cancelled in-flight HEARTBEAT request with correlation id 1557 due to node 2147483646 being disconnected (elapsed time since creation: 22064ms, elapsed time since send: 22064ms, request timeout: 30000ms)
2026-04-08 21:06:21 [org.springframework.kafka.KafkaListenerEndpointContainer#0-0-C-1] INFO  o.apache.kafka.clients.NetworkClient - [Consumer clientId=consumer-actor-search-group-1, groupId=actor-search-group] Cancelled in-flight HEARTBEAT request with correlation id 1558 due to node 2147483646 being disconnected (elapsed time since creation: 18932ms, elapsed time since send: 18931ms, request timeout: 30000ms)
2026-04-08 21:06:21 [org.springframework.kafka.KafkaListenerEndpointContainer#0-0-C-1] INFO  o.apache.kafka.clients.NetworkClient - [Consumer clientId=consumer-actor-search-group-1, groupId=actor-search-group] Cancelled in-flight HEARTBEAT request with correlation id 1559 due to node 2147483646 being disconnected (elapsed time since creation: 15051ms, elapsed time since send: 15051ms, request timeout: 30000ms)
2026-04-08 21:06:21 [org.springframework.kafka.KafkaListenerEndpointContainer#0-0-C-1] INFO  o.apache.kafka.clients.NetworkClient - [Consumer clientId=consumer-actor-search-group-1, groupId=actor-search-group] Cancelled in-flight HEARTBEAT request with correlation id 1560 due to node 2147483646 being disconnected (elapsed time since creation: 11987ms, elapsed time since send: 11987ms, request timeout: 30000ms)
2026-04-08 21:06:21 [org.springframework.kafka.KafkaListenerEndpointContainer#0-0-C-1] INFO  o.apache.kafka.clients.NetworkClient - [Consumer clientId=consumer-actor-search-group-1, groupId=actor-search-group] Cancelled in-flight HEARTBEAT request with correlation id 1561 due to node 2147483646 being disconnected (elapsed time since creation: 8945ms, elapsed time since send: 8945ms, request timeout: 30000ms)
2026-04-08 21:06:21 [org.springframework.kafka.KafkaListenerEndpointContainer#0-0-C-1] INFO  o.apache.kafka.clients.NetworkClient - [Consumer clientId=consumer-actor-search-group-1, groupId=actor-search-group] Cancelled in-flight HEARTBEAT request with correlation id 1562 due to node 2147483646 being disconnected (elapsed time since creation: 5927ms, elapsed time since send: 5927ms, request timeout: 30000ms)
2026-04-08 21:06:21 [org.springframework.kafka.KafkaListenerEndpointContainer#0-0-C-1] INFO  o.apache.kafka.clients.NetworkClient - [Consumer clientId=consumer-actor-search-group-1, groupId=actor-search-group] Cancelled in-flight HEARTBEAT request with correlation id 1563 due to node 2147483646 being disconnected (elapsed time since creation: 2926ms, elapsed time since send: 2926ms, request timeout: 30000ms)
2026-04-08 21:06:21 [org.springframework.kafka.KafkaListenerEndpointContainer#0-0-C-1] INFO  o.a.k.clients.FetchSessionHandler - [Consumer clientId=consumer-actor-search-group-1, groupId=actor-search-group] Error sending fetch request (sessionId=981628425, epoch=888) to node 1:
org.apache.kafka.common.errors.DisconnectException: null
2026-04-08 21:06:21 [kafka-coordinator-heartbeat-thread | actor-search-group] INFO  o.a.k.c.c.i.ConsumerCoordinator - [Consumer clientId=consumer-actor-search-group-1, groupId=actor-search-group] Group coordinator localhost:9092 (id: 2147483646 rack: null) is unavailable or invalid due to cause: null. isDisconnected: true. Rediscovery will be attempted.
2026-04-08 21:06:21 [org.springframework.kafka.KafkaListenerEndpointContainer#1-0-C-1] INFO  o.apache.kafka.clients.NetworkClient - [Consumer clientId=consumer-movie-search-group-2, groupId=movie-search-group] Disconnecting from node 1 due to request timeout.
2026-04-08 21:06:21 [org.springframework.kafka.KafkaListenerEndpointContainer#1-0-C-1] INFO  o.apache.kafka.clients.NetworkClient - [Consumer clientId=consumer-movie-search-group-2, groupId=movie-search-group] Cancelled in-flight FETCH request with correlation id 1536 due to node 1 being disconnected (elapsed time since creation: 31200ms, elapsed time since send: 31200ms, request timeout: 30000ms)
2026-04-08 21:06:21 [org.springframework.kafka.KafkaListenerEndpointContainer#1-0-C-1] INFO  o.apache.kafka.clients.NetworkClient - [Consumer clientId=consumer-movie-search-group-2, groupId=movie-search-group] Disconnecting from node 2147483646 due to request timeout.
2026-04-08 21:06:21 [org.springframework.kafka.KafkaListenerEndpointContainer#1-0-C-1] INFO  o.apache.kafka.clients.NetworkClient - [Consumer clientId=consumer-movie-search-group-2, groupId=movie-search-group] Cancelled in-flight HEARTBEAT request with correlation id 1537 due to node 2147483646 being disconnected (elapsed time since creation: 30234ms, elapsed time since send: 30234ms, request timeout: 30000ms)
2026-04-08 21:06:21 [org.springframework.kafka.KafkaListenerEndpointContainer#1-0-C-1] INFO  o.apache.kafka.clients.NetworkClient - [Consumer clientId=consumer-movie-search-group-2, groupId=movie-search-group] Cancelled in-flight HEARTBEAT request with correlation id 1538 due to node 2147483646 being disconnected (elapsed time since creation: 27234ms, elapsed time since send: 27233ms, request timeout: 30000ms)
2026-04-08 21:06:21 [org.springframework.kafka.KafkaListenerEndpointContainer#1-0-C-1] INFO  o.apache.kafka.clients.NetworkClient - [Consumer clientId=consumer-movie-search-group-2, groupId=movie-search-group] Cancelled in-flight HEARTBEAT request with correlation id 1539 due to node 2147483646 being disconnected (elapsed time since creation: 24182ms, elapsed time since send: 24182ms, request timeout: 30000ms)
2026-04-08 21:06:21 [org.springframework.kafka.KafkaListenerEndpointContainer#1-0-C-1] INFO  o.apache.kafka.clients.NetworkClient - [Consumer clientId=consumer-movie-search-group-2, groupId=movie-search-group] Cancelled in-flight HEARTBEAT request with correlation id 1540 due to node 2147483646 being disconnected (elapsed time since creation: 21171ms, elapsed time since send: 21171ms, request timeout: 30000ms)
2026-04-08 21:06:21 [org.springframework.kafka.KafkaListenerEndpointContainer#1-0-C-1] INFO  o.apache.kafka.clients.NetworkClient - [Consumer clientId=consumer-movie-search-group-2, groupId=movie-search-group] Cancelled in-flight HEARTBEAT request with correlation id 1541 due to node 2147483646 being disconnected (elapsed time since creation: 18148ms, elapsed time since send: 18148ms, request timeout: 30000ms)
2026-04-08 21:06:21 [org.springframework.kafka.KafkaListenerEndpointContainer#1-0-C-1] INFO  o.apache.kafka.clients.NetworkClient - [Consumer clientId=consumer-movie-search-group-2, groupId=movie-search-group] Cancelled in-flight HEARTBEAT request with correlation id 1542 due to node 2147483646 being disconnected (elapsed time since creation: 15038ms, elapsed time since send: 15038ms, request timeout: 30000ms)
2026-04-08 21:06:21 [org.springframework.kafka.KafkaListenerEndpointContainer#1-0-C-1] INFO  o.apache.kafka.clients.NetworkClient - [Consumer clientId=consumer-movie-search-group-2, groupId=movie-search-group] Cancelled in-flight HEARTBEAT request with correlation id 1543 due to node 2147483646 being disconnected (elapsed time since creation: 12033ms, elapsed time since send: 12033ms, request timeout: 30000ms)
2026-04-08 21:06:21 [org.springframework.kafka.KafkaListenerEndpointContainer#1-0-C-1] INFO  o.apache.kafka.clients.NetworkClient - [Consumer clientId=consumer-movie-search-group-2, groupId=movie-search-group] Cancelled in-flight HEARTBEAT request with correlation id 1544 due to node 2147483646 being disconnected (elapsed time since creation: 9029ms, elapsed time since send: 9029ms, request timeout: 30000ms)
2026-04-08 21:06:21 [org.springframework.kafka.KafkaListenerEndpointContainer#1-0-C-1] INFO  o.apache.kafka.clients.NetworkClient - [Consumer clientId=consumer-movie-search-group-2, groupId=movie-search-group] Cancelled in-flight HEARTBEAT request with correlation id 1545 due to node 2147483646 being disconnected (elapsed time since creation: 6016ms, elapsed time since send: 6016ms, request timeout: 30000ms)
2026-04-08 21:06:21 [org.springframework.kafka.KafkaListenerEndpointContainer#1-0-C-1] INFO  o.apache.kafka.clients.NetworkClient - [Consumer clientId=consumer-movie-search-group-2, groupId=movie-search-group] Cancelled in-flight HEARTBEAT request with correlation id 1546 due to node 2147483646 being disconnected (elapsed time since creation: 3000ms, elapsed time since send: 3000ms, request timeout: 30000ms)
2026-04-08 21:06:21 [org.springframework.kafka.KafkaListenerEndpointContainer#1-0-C-1] INFO  o.a.k.clients.FetchSessionHandler - [Consumer clientId=consumer-movie-search-group-2, groupId=movie-search-group] Error sending fetch request (sessionId=1209653631, epoch=57) to node 1:
org.apache.kafka.common.errors.DisconnectException: null
2026-04-08 21:06:21 [kafka-coordinator-heartbeat-thread | movie-search-group] INFO  o.a.k.c.c.i.ConsumerCoordinator - [Consumer clientId=consumer-movie-search-group-2, groupId=movie-search-group] Group coordinator localhost:9092 (id: 2147483646 rack: null) is unavailable or invalid due to cause: null. isDisconnected: true. Rediscovery will be attempted.
2026-04-08 21:06:41 [reactor-http-nio-1] INFO  org.mongodb.driver.cluster - No server chosen by ReadPreferenceServerSelector{readPreference=primary} from cluster description ClusterDescription{type=UNKNOWN, connectionMode=SINGLE, serverDescriptions=[ServerDescription{address=localhost:27017, type=UNKNOWN, state=CONNECTING, exception={com.mongodb.MongoSocketReadTimeoutException: Timeout while receiving message}, caused by {io.netty.handler.timeout.ReadTimeoutException}}]}. Waiting for 1000000000 ms before timing out
2026-04-08 21:06:41 [reactor-http-nio-1] INFO  org.mongodb.driver.cluster - No server chosen by ReadPreferenceServerSelector{readPreference=primary} from cluster description ClusterDescription{type=UNKNOWN, connectionMode=SINGLE, serverDescriptions=[ServerDescription{address=localhost:27017, type=UNKNOWN, state=CONNECTING, exception={com.mongodb.MongoSocketReadTimeoutException: Timeout while receiving message}, caused by {io.netty.handler.timeout.ReadTimeoutException}}]}. Waiting for 1000000000 ms before timing out
2026-04-08 21:06:51 [org.springframework.kafka.KafkaListenerEndpointContainer#0-0-C-1] INFO  o.apache.kafka.clients.NetworkClient - [Consumer clientId=consumer-actor-search-group-1, groupId=actor-search-group] Disconnecting from node 1 due to request timeout.
2026-04-08 21:06:51 [org.springframework.kafka.KafkaListenerEndpointContainer#0-0-C-1] INFO  o.apache.kafka.clients.NetworkClient - [Consumer clientId=consumer-actor-search-group-1, groupId=actor-search-group] Cancelled in-flight API_VERSIONS request with correlation id 1565 due to node 1 being disconnected (elapsed time since creation: 30174ms, elapsed time since send: 30174ms, request timeout: 30000ms)
2026-04-08 21:06:51 [org.springframework.kafka.KafkaListenerEndpointContainer#0-0-C-1] INFO  o.a.k.clients.FetchSessionHandler - [Consumer clientId=consumer-actor-search-group-1, groupId=actor-search-group] Error sending fetch request (sessionId=981628425, epoch=INITIAL) to node 1:
org.apache.kafka.common.errors.DisconnectException: null
2026-04-08 21:06:52 [org.springframework.kafka.KafkaListenerEndpointContainer#1-0-C-1] INFO  o.apache.kafka.clients.NetworkClient - [Consumer clientId=consumer-movie-search-group-2, groupId=movie-search-group] Disconnecting from node 1 due to request timeout.
2026-04-08 21:06:52 [org.springframework.kafka.KafkaListenerEndpointContainer#1-0-C-1] INFO  o.apache.kafka.clients.NetworkClient - [Consumer clientId=consumer-movie-search-group-2, groupId=movie-search-group] Cancelled in-flight API_VERSIONS request with correlation id 1548 due to node 1 being disconnected (elapsed time since creation: 30880ms, elapsed time since send: 30880ms, request timeout: 30000ms)
2026-04-08 21:06:52 [org.springframework.kafka.KafkaListenerEndpointContainer#1-0-C-1] INFO  o.a.k.clients.FetchSessionHandler - [Consumer clientId=consumer-movie-search-group-2, groupId=movie-search-group] Error sending fetch request (sessionId=1209653631, epoch=INITIAL) to node 1:
org.apache.kafka.common.errors.DisconnectException: null
2026-04-08 21:07:22 [org.springframework.kafka.KafkaListenerEndpointContainer#0-0-C-1] INFO  o.apache.kafka.clients.NetworkClient - [Consumer clientId=consumer-actor-search-group-1, groupId=actor-search-group] Disconnecting from node 1 due to request timeout.
2026-04-08 21:07:22 [org.springframework.kafka.KafkaListenerEndpointContainer#0-0-C-1] INFO  o.apache.kafka.clients.NetworkClient - [Consumer clientId=consumer-actor-search-group-1, groupId=actor-search-group] Cancelled in-flight API_VERSIONS request with correlation id 1572 due to node 1 being disconnected (elapsed time since creation: 30018ms, elapsed time since send: 30018ms, request timeout: 30000ms)
2026-04-08 21:07:22 [org.springframework.kafka.KafkaListenerEndpointContainer#0-0-C-1] INFO  o.a.k.clients.FetchSessionHandler - [Consumer clientId=consumer-actor-search-group-1, groupId=actor-search-group] Error sending fetch request (sessionId=981628425, epoch=INITIAL) to node 1:
org.apache.kafka.common.errors.DisconnectException: null
2026-04-08 21:07:22 [org.springframework.kafka.KafkaListenerEndpointContainer#1-0-C-1] INFO  o.apache.kafka.clients.NetworkClient - [Consumer clientId=consumer-movie-search-group-2, groupId=movie-search-group] Disconnecting from node 1 due to request timeout.
2026-04-08 21:07:22 [org.springframework.kafka.KafkaListenerEndpointContainer#1-0-C-1] INFO  o.apache.kafka.clients.NetworkClient - [Consumer clientId=consumer-movie-search-group-2, groupId=movie-search-group] Cancelled in-flight API_VERSIONS request with correlation id 1552 due to node 1 being disconnected (elapsed time since creation: 30011ms, elapsed time since send: 30011ms, request timeout: 30000ms)
2026-04-08 21:07:22 [org.springframework.kafka.KafkaListenerEndpointContainer#1-0-C-1] INFO  o.a.k.clients.FetchSessionHandler - [Consumer clientId=consumer-movie-search-group-2, groupId=movie-search-group] Error sending fetch request (sessionId=1209653631, epoch=INITIAL) to node 1:
org.apache.kafka.common.errors.DisconnectException: null
2026-04-08 21:07:38 [org.springframework.kafka.KafkaListenerEndpointContainer#0-0-C-1] INFO  o.a.k.c.c.i.ConsumerCoordinator - [Consumer clientId=consumer-actor-search-group-1, groupId=actor-search-group] Revoke previously assigned partitions actor.events-0
2026-04-08 21:07:38 [org.springframework.kafka.KafkaListenerEndpointContainer#1-0-C-1] INFO  o.a.k.c.c.i.ConsumerCoordinator - [Consumer clientId=consumer-movie-search-group-2, groupId=movie-search-group] Revoke previously assigned partitions movie.events-0
2026-04-08 21:07:38 [org.springframework.kafka.KafkaListenerEndpointContainer#1-0-C-1] INFO  o.s.k.l.KafkaMessageListenerContainer - movie-search-group: partitions revoked: [movie.events-0]
2026-04-08 21:07:38 [org.springframework.kafka.KafkaListenerEndpointContainer#0-0-C-1] INFO  o.s.k.l.KafkaMessageListenerContainer - actor-search-group: partitions revoked: [actor.events-0]
2026-04-08 21:07:38 [org.springframework.kafka.KafkaListenerEndpointContainer#1-0-C-1] INFO  o.a.k.c.c.i.ConsumerCoordinator - [Consumer clientId=consumer-movie-search-group-2, groupId=movie-search-group] Resetting generation and member id due to: consumer pro-actively leaving the group
2026-04-08 21:07:38 [org.springframework.kafka.KafkaListenerEndpointContainer#0-0-C-1] INFO  o.a.k.c.c.i.ConsumerCoordinator - [Consumer clientId=consumer-actor-search-group-1, groupId=actor-search-group] Resetting generation and member id due to: consumer pro-actively leaving the group
2026-04-08 21:07:38 [org.springframework.kafka.KafkaListenerEndpointContainer#0-0-C-1] INFO  o.a.k.c.c.i.ConsumerCoordinator - [Consumer clientId=consumer-actor-search-group-1, groupId=actor-search-group] Request joining group due to: consumer pro-actively leaving the group
2026-04-08 21:07:38 [org.springframework.kafka.KafkaListenerEndpointContainer#1-0-C-1] INFO  o.a.k.c.c.i.ConsumerCoordinator - [Consumer clientId=consumer-movie-search-group-2, groupId=movie-search-group] Request joining group due to: consumer pro-actively leaving the group
2026-04-08 21:07:38 [org.springframework.kafka.KafkaListenerEndpointContainer#1-0-C-1] INFO  o.s.k.c.DefaultKafkaConsumerFactory$ExtendedKafkaConsumer - [Consumer clientId=consumer-movie-search-group-2, groupId=movie-search-group] Unsubscribed all topics or patterns and assigned partitions
2026-04-08 21:07:38 [org.springframework.kafka.KafkaListenerEndpointContainer#0-0-C-1] INFO  o.s.k.c.DefaultKafkaConsumerFactory$ExtendedKafkaConsumer - [Consumer clientId=consumer-actor-search-group-1, groupId=actor-search-group] Unsubscribed all topics or patterns and assigned partitions
2026-04-08 21:07:38 [org.springframework.kafka.KafkaListenerEndpointContainer#1-0-C-1] INFO  o.a.k.c.c.i.ConsumerCoordinator - [Consumer clientId=consumer-movie-search-group-2, groupId=movie-search-group] Resetting generation and member id due to: consumer pro-actively leaving the group
2026-04-08 21:07:38 [org.springframework.kafka.KafkaListenerEndpointContainer#1-0-C-1] INFO  o.a.k.c.c.i.ConsumerCoordinator - [Consumer clientId=consumer-movie-search-group-2, groupId=movie-search-group] Request joining group due to: consumer pro-actively leaving the group
2026-04-08 21:07:38 [org.springframework.kafka.KafkaListenerEndpointContainer#0-0-C-1] INFO  o.a.k.c.c.i.ConsumerCoordinator - [Consumer clientId=consumer-actor-search-group-1, groupId=actor-search-group] Resetting generation and member id due to: consumer pro-actively leaving the group
2026-04-08 21:07:38 [org.springframework.kafka.KafkaListenerEndpointContainer#0-0-C-1] INFO  o.a.k.c.c.i.ConsumerCoordinator - [Consumer clientId=consumer-actor-search-group-1, groupId=actor-search-group] Request joining group due to: consumer pro-actively leaving the group
2026-04-08 22:48:32 [background-preinit] INFO  o.h.validator.internal.util.Version - HV000001: Hibernate Validator 8.0.1.Final
2026-04-08 22:48:33 [main] INFO  c.ecommerce.application.Application - Starting Application using Java 17.0.15 with PID 11724 (C:\Users\99450\Desktop\JavaProj\ReactiveMovieHub\application\build\classes\java\main started by 99450 in C:\Users\99450\Desktop\JavaProj\ReactiveMovieHub)
2026-04-08 22:48:33 [main] INFO  c.ecommerce.application.Application - No active profile set, falling back to 1 default profile: "default"
2026-04-08 22:48:36 [main] INFO  o.s.d.r.c.RepositoryConfigurationDelegate - Multiple Spring Data modules found, entering strict repository configuration mode
2026-04-08 22:48:36 [main] INFO  o.s.d.r.c.RepositoryConfigurationDelegate - Bootstrapping Spring Data Reactive Elasticsearch repositories in DEFAULT mode.
2026-04-08 22:48:37 [main] INFO  o.s.d.r.c.RepositoryConfigurationDelegate - Finished Spring Data repository scanning in 926 ms. Found 2 Reactive Elasticsearch repository interfaces.
2026-04-08 22:48:37 [main] INFO  o.s.d.r.c.RepositoryConfigurationDelegate - Multiple Spring Data modules found, entering strict repository configuration mode
2026-04-08 22:48:37 [main] INFO  o.s.d.r.c.RepositoryConfigurationDelegate - Bootstrapping Spring Data Reactive MongoDB repositories in DEFAULT mode.
2026-04-08 22:48:37 [main] INFO  o.s.d.r.c.RepositoryConfigurationDelegate - Finished Spring Data repository scanning in 63 ms. Found 4 Reactive MongoDB repository interfaces.
2026-04-08 22:48:38 [main] INFO  o.s.d.r.c.RepositoryConfigurationDelegate - Multiple Spring Data modules found, entering strict repository configuration mode
2026-04-08 22:48:38 [main] INFO  o.s.d.r.c.RepositoryConfigurationDelegate - Bootstrapping Spring Data Elasticsearch repositories in DEFAULT mode.
2026-04-08 22:48:38 [main] INFO  o.s.d.r.c.RepositoryConfigurationDelegate - Finished Spring Data repository scanning in 40 ms. Found 0 Elasticsearch repository interfaces.
2026-04-08 22:48:43 [main] INFO  org.mongodb.driver.client - MongoClient with metadata {"driver": {"name": "mongo-java-driver|reactive-streams|spring-boot", "version": "4.11.2"}, "os": {"type": "Windows", "name": "Windows 11", "architecture": "amd64", "version": "10.0"}, "platform": "Java/Amazon.com Inc./17.0.15+6-LTS"} created with settings MongoClientSettings{readPreference=primary, writeConcern=WriteConcern{w=null, wTimeout=null ms, journal=null}, retryWrites=true, retryReads=true, readConcern=ReadConcern{level=null}, credential=MongoCredential{mechanism=null, userName='admin', source='admin', password=<hidden>, mechanismProperties=<hidden>}, transportSettings=NettyTransportSettings{eventLoopGroup=io.netty.channel.nio.NioEventLoopGroup@4bcdd11, socketChannelClass=null, allocator=null, sslContext=null}, streamFactoryFactory=null, commandListeners=[], codecRegistry=ProvidersCodecRegistry{codecProviders=[ValueCodecProvider{}, BsonValueCodecProvider{}, DBRefCodecProvider{}, DBObjectCodecProvider{}, DocumentCodecProvider{}, CollectionCodecProvider{}, IterableCodecProvider{}, MapCodecProvider{}, GeoJsonCodecProvider{}, GridFSFileCodecProvider{}, Jsr310CodecProvider{}, JsonObjectCodecProvider{}, BsonCodecProvider{}, EnumCodecProvider{}, com.mongodb.client.model.mql.ExpressionCodecProvider@1471b98d, com.mongodb.Jep395RecordCodecProvider@5514579e, com.mongodb.KotlinCodecProvider@58c42c8c]}, loggerSettings=LoggerSettings{maxDocumentLength=1000}, clusterSettings={hosts=[localhost:27017], srvServiceName=mongodb, mode=SINGLE, requiredClusterType=UNKNOWN, requiredReplicaSetName='null', serverSelector='null', clusterListeners='[]', serverSelectionTimeout='1000000000 ms', localThreshold='15 ms'}, socketSettings=SocketSettings{connectTimeoutMS=10000, readTimeoutMS=2000000000, receiveBufferSize=0, proxySettings=ProxySettings{host=null, port=null, username=null, password=null}}, heartbeatSocketSettings=SocketSettings{connectTimeoutMS=10000, readTimeoutMS=10000, receiveBufferSize=0, proxySettings=ProxySettings{host=null, port=null, username=null, password=null}}, connectionPoolSettings=ConnectionPoolSettings{maxSize=100, minSize=0, maxWaitTimeMS=120000, maxConnectionLifeTimeMS=0, maxConnectionIdleTimeMS=0, maintenanceInitialDelayMS=0, maintenanceFrequencyMS=60000, connectionPoolListeners=[], maxConnecting=2}, serverSettings=ServerSettings{heartbeatFrequencyMS=10000, minHeartbeatFrequencyMS=500, serverListeners='[]', serverMonitorListeners='[]'}, sslSettings=SslSettings{enabled=false, invalidHostNameAllowed=false, context=null}, applicationName='null', compressorList=[], uuidRepresentation=JAVA_LEGACY, serverApi=null, autoEncryptionSettings=null, dnsClient=null, inetAddressResolver=null, contextProvider=null}
2026-04-08 22:48:44 [cluster-ClusterId{value='69d6a30a8d0c0306d5abe2e3', description='null'}-localhost:27017] INFO  org.mongodb.driver.cluster - Monitor thread successfully connected to server with description ServerDescription{address=localhost:27017, type=STANDALONE, state=CONNECTED, ok=true, minWireVersion=0, maxWireVersion=27, maxDocumentSize=16777216, logicalSessionTimeoutMinutes=30, roundTripTimeNanos=666325900}
2026-04-08 22:48:53 [main] INFO  o.a.k.c.admin.AdminClientConfig - AdminClientConfig values: 
	auto.include.jmx.reporter = true
	bootstrap.servers = [localhost:9092]
	client.dns.lookup = use_all_dns_ips
	client.id = 
	connections.max.idle.ms = 300000
	default.api.timeout.ms = 60000
	metadata.max.age.ms = 300000
	metric.reporters = []
	metrics.num.samples = 2
	metrics.recording.level = INFO
	metrics.sample.window.ms = 30000
	receive.buffer.bytes = 65536
	reconnect.backoff.max.ms = 1000
	reconnect.backoff.ms = 50
	request.timeout.ms = 30000
	retries = 2147483647
	retry.backoff.ms = 100
	sasl.client.callback.handler.class = null
	sasl.jaas.config = null
	sasl.kerberos.kinit.cmd = /usr/bin/kinit
	sasl.kerberos.min.time.before.relogin = 60000
	sasl.kerberos.service.name = null
	sasl.kerberos.ticket.renew.jitter = 0.05
	sasl.kerberos.ticket.renew.window.factor = 0.8
	sasl.login.callback.handler.class = null
	sasl.login.class = null
	sasl.login.connect.timeout.ms = null
	sasl.login.read.timeout.ms = null
	sasl.login.refresh.buffer.seconds = 300
	sasl.login.refresh.min.period.seconds = 60
	sasl.login.refresh.window.factor = 0.8
	sasl.login.refresh.window.jitter = 0.05
	sasl.login.retry.backoff.max.ms = 10000
	sasl.login.retry.backoff.ms = 100
	sasl.mechanism = GSSAPI
	sasl.oauthbearer.clock.skew.seconds = 30
	sasl.oauthbearer.expected.audience = null
	sasl.oauthbearer.expected.issuer = null
	sasl.oauthbearer.jwks.endpoint.refresh.ms = 3600000
	sasl.oauthbearer.jwks.endpoint.retry.backoff.max.ms = 10000
	sasl.oauthbearer.jwks.endpoint.retry.backoff.ms = 100
	sasl.oauthbearer.jwks.endpoint.url = null
	sasl.oauthbearer.scope.claim.name = scope
	sasl.oauthbearer.sub.claim.name = sub
	sasl.oauthbearer.token.endpoint.url = null
	security.protocol = PLAINTEXT
	security.providers = null
	send.buffer.bytes = 131072
	socket.connection.setup.timeout.max.ms = 30000
	socket.connection.setup.timeout.ms = 10000
	ssl.cipher.suites = null
	ssl.enabled.protocols = [TLSv1.2, TLSv1.3]
	ssl.endpoint.identification.algorithm = https
	ssl.engine.factory.class = null
	ssl.key.password = null
	ssl.keymanager.algorithm = SunX509
	ssl.keystore.certificate.chain = null
	ssl.keystore.key = null
	ssl.keystore.location = null
	ssl.keystore.password = null
	ssl.keystore.type = JKS
	ssl.protocol = TLSv1.3
	ssl.provider = null
	ssl.secure.random.implementation = null
	ssl.trustmanager.algorithm = PKIX
	ssl.truststore.certificates = null
	ssl.truststore.location = null
	ssl.truststore.password = null
	ssl.truststore.type = JKS

2026-04-08 22:48:54 [main] INFO  o.a.kafka.common.utils.AppInfoParser - Kafka version: 3.6.2
2026-04-08 22:48:54 [main] INFO  o.a.kafka.common.utils.AppInfoParser - Kafka commitId: c4deed513057c94e
2026-04-08 22:48:54 [main] INFO  o.a.kafka.common.utils.AppInfoParser - Kafka startTimeMs: 1775674134562
2026-04-08 22:48:58 [kafka-admin-client-thread | adminclient-1] INFO  o.a.kafka.common.utils.AppInfoParser - App info kafka.admin.client for adminclient-1 unregistered
2026-04-08 22:48:58 [kafka-admin-client-thread | adminclient-1] INFO  o.a.kafka.common.metrics.Metrics - Metrics scheduler closed
2026-04-08 22:48:58 [kafka-admin-client-thread | adminclient-1] INFO  o.a.kafka.common.metrics.Metrics - Closing reporter org.apache.kafka.common.metrics.JmxReporter
2026-04-08 22:48:58 [kafka-admin-client-thread | adminclient-1] INFO  o.a.kafka.common.metrics.Metrics - Metrics reporters closed
2026-04-08 22:48:59 [main] INFO  o.s.b.w.e.netty.NettyWebServer - Netty started on port 8080
2026-04-08 22:48:59 [main] INFO  o.a.k.c.consumer.ConsumerConfig - ConsumerConfig values: 
	allow.auto.create.topics = true
	auto.commit.interval.ms = 5000
	auto.include.jmx.reporter = true
	auto.offset.reset = latest
	bootstrap.servers = [localhost:9092]
	check.crcs = true
	client.dns.lookup = use_all_dns_ips
	client.id = consumer-actor-search-group-1
	client.rack = 
	connections.max.idle.ms = 540000
	default.api.timeout.ms = 60000
	enable.auto.commit = false
	exclude.internal.topics = true
	fetch.max.bytes = 52428800
	fetch.max.wait.ms = 500
	fetch.min.bytes = 1
	group.id = actor-search-group
	group.instance.id = null
	heartbeat.interval.ms = 3000
	interceptor.classes = []
	internal.leave.group.on.close = true
	internal.throw.on.fetch.stable.offset.unsupported = false
	isolation.level = read_uncommitted
	key.deserializer = class org.apache.kafka.common.serialization.StringDeserializer
	max.partition.fetch.bytes = 1048576
	max.poll.interval.ms = 300000
	max.poll.records = 500
	metadata.max.age.ms = 300000
	metric.reporters = []
	metrics.num.samples = 2
	metrics.recording.level = INFO
	metrics.sample.window.ms = 30000
	partition.assignment.strategy = [class org.apache.kafka.clients.consumer.RangeAssignor, class org.apache.kafka.clients.consumer.CooperativeStickyAssignor]
	receive.buffer.bytes = 65536
	reconnect.backoff.max.ms = 1000
	reconnect.backoff.ms = 50
	request.timeout.ms = 30000
	retry.backoff.ms = 100
	sasl.client.callback.handler.class = null
	sasl.jaas.config = null
	sasl.kerberos.kinit.cmd = /usr/bin/kinit
	sasl.kerberos.min.time.before.relogin = 60000
	sasl.kerberos.service.name = null
	sasl.kerberos.ticket.renew.jitter = 0.05
	sasl.kerberos.ticket.renew.window.factor = 0.8
	sasl.login.callback.handler.class = null
	sasl.login.class = null
	sasl.login.connect.timeout.ms = null
	sasl.login.read.timeout.ms = null
	sasl.login.refresh.buffer.seconds = 300
	sasl.login.refresh.min.period.seconds = 60
	sasl.login.refresh.window.factor = 0.8
	sasl.login.refresh.window.jitter = 0.05
	sasl.login.retry.backoff.max.ms = 10000
	sasl.login.retry.backoff.ms = 100
	sasl.mechanism = GSSAPI
	sasl.oauthbearer.clock.skew.seconds = 30
	sasl.oauthbearer.expected.audience = null
	sasl.oauthbearer.expected.issuer = null
	sasl.oauthbearer.jwks.endpoint.refresh.ms = 3600000
	sasl.oauthbearer.jwks.endpoint.retry.backoff.max.ms = 10000
	sasl.oauthbearer.jwks.endpoint.retry.backoff.ms = 100
	sasl.oauthbearer.jwks.endpoint.url = null
	sasl.oauthbearer.scope.claim.name = scope
	sasl.oauthbearer.sub.claim.name = sub
	sasl.oauthbearer.token.endpoint.url = null
	security.protocol = PLAINTEXT
	security.providers = null
	send.buffer.bytes = 131072
	session.timeout.ms = 45000
	socket.connection.setup.timeout.max.ms = 30000
	socket.connection.setup.timeout.ms = 10000
	ssl.cipher.suites = null
	ssl.enabled.protocols = [TLSv1.2, TLSv1.3]
	ssl.endpoint.identification.algorithm = https
	ssl.engine.factory.class = null
	ssl.key.password = null
	ssl.keymanager.algorithm = SunX509
	ssl.keystore.certificate.chain = null
	ssl.keystore.key = null
	ssl.keystore.location = null
	ssl.keystore.password = null
	ssl.keystore.type = JKS
	ssl.protocol = TLSv1.3
	ssl.provider = null
	ssl.secure.random.implementation = null
	ssl.trustmanager.algorithm = PKIX
	ssl.truststore.certificates = null
	ssl.truststore.location = null
	ssl.truststore.password = null
	ssl.truststore.type = JKS
	value.deserializer = class org.springframework.kafka.support.serializer.JsonDeserializer

2026-04-08 22:48:59 [main] INFO  o.a.kafka.common.utils.AppInfoParser - Kafka version: 3.6.2
2026-04-08 22:48:59 [main] INFO  o.a.kafka.common.utils.AppInfoParser - Kafka commitId: c4deed513057c94e
2026-04-08 22:48:59 [main] INFO  o.a.kafka.common.utils.AppInfoParser - Kafka startTimeMs: 1775674139607
2026-04-08 22:48:59 [main] INFO  o.s.k.c.DefaultKafkaConsumerFactory$ExtendedKafkaConsumer - [Consumer clientId=consumer-actor-search-group-1, groupId=actor-search-group] Subscribed to topic(s): actor.events
2026-04-08 22:48:59 [main] INFO  o.a.k.c.consumer.ConsumerConfig - ConsumerConfig values: 
	allow.auto.create.topics = true
	auto.commit.interval.ms = 5000
	auto.include.jmx.reporter = true
	auto.offset.reset = latest
	bootstrap.servers = [localhost:9092]
	check.crcs = true
	client.dns.lookup = use_all_dns_ips
	client.id = consumer-movie-search-group-2
	client.rack = 
	connections.max.idle.ms = 540000
	default.api.timeout.ms = 60000
	enable.auto.commit = false
	exclude.internal.topics = true
	fetch.max.bytes = 52428800
	fetch.max.wait.ms = 500
	fetch.min.bytes = 1
	group.id = movie-search-group
	group.instance.id = null
	heartbeat.interval.ms = 3000
	interceptor.classes = []
	internal.leave.group.on.close = true
	internal.throw.on.fetch.stable.offset.unsupported = false
	isolation.level = read_uncommitted
	key.deserializer = class org.apache.kafka.common.serialization.StringDeserializer
	max.partition.fetch.bytes = 1048576
	max.poll.interval.ms = 300000
	max.poll.records = 500
	metadata.max.age.ms = 300000
	metric.reporters = []
	metrics.num.samples = 2
	metrics.recording.level = INFO
	metrics.sample.window.ms = 30000
	partition.assignment.strategy = [class org.apache.kafka.clients.consumer.RangeAssignor, class org.apache.kafka.clients.consumer.CooperativeStickyAssignor]
	receive.buffer.bytes = 65536
	reconnect.backoff.max.ms = 1000
	reconnect.backoff.ms = 50
	request.timeout.ms = 30000
	retry.backoff.ms = 100
	sasl.client.callback.handler.class = null
	sasl.jaas.config = null
	sasl.kerberos.kinit.cmd = /usr/bin/kinit
	sasl.kerberos.min.time.before.relogin = 60000
	sasl.kerberos.service.name = null
	sasl.kerberos.ticket.renew.jitter = 0.05
	sasl.kerberos.ticket.renew.window.factor = 0.8
	sasl.login.callback.handler.class = null
	sasl.login.class = null
	sasl.login.connect.timeout.ms = null
	sasl.login.read.timeout.ms = null
	sasl.login.refresh.buffer.seconds = 300
	sasl.login.refresh.min.period.seconds = 60
	sasl.login.refresh.window.factor = 0.8
	sasl.login.refresh.window.jitter = 0.05
	sasl.login.retry.backoff.max.ms = 10000
	sasl.login.retry.backoff.ms = 100
	sasl.mechanism = GSSAPI
	sasl.oauthbearer.clock.skew.seconds = 30
	sasl.oauthbearer.expected.audience = null
	sasl.oauthbearer.expected.issuer = null
	sasl.oauthbearer.jwks.endpoint.refresh.ms = 3600000
	sasl.oauthbearer.jwks.endpoint.retry.backoff.max.ms = 10000
	sasl.oauthbearer.jwks.endpoint.retry.backoff.ms = 100
	sasl.oauthbearer.jwks.endpoint.url = null
	sasl.oauthbearer.scope.claim.name = scope
	sasl.oauthbearer.sub.claim.name = sub
	sasl.oauthbearer.token.endpoint.url = null
	security.protocol = PLAINTEXT
	security.providers = null
	send.buffer.bytes = 131072
	session.timeout.ms = 45000
	socket.connection.setup.timeout.max.ms = 30000
	socket.connection.setup.timeout.ms = 10000
	ssl.cipher.suites = null
	ssl.enabled.protocols = [TLSv1.2, TLSv1.3]
	ssl.endpoint.identification.algorithm = https
	ssl.engine.factory.class = null
	ssl.key.password = null
	ssl.keymanager.algorithm = SunX509
	ssl.keystore.certificate.chain = null
	ssl.keystore.key = null
	ssl.keystore.location = null
	ssl.keystore.password = null
	ssl.keystore.type = JKS
	ssl.protocol = TLSv1.3
	ssl.provider = null
	ssl.secure.random.implementation = null
	ssl.trustmanager.algorithm = PKIX
	ssl.truststore.certificates = null
	ssl.truststore.location = null
	ssl.truststore.password = null
	ssl.truststore.type = JKS
	value.deserializer = class org.springframework.kafka.support.serializer.JsonDeserializer

2026-04-08 22:48:59 [main] INFO  o.a.kafka.common.utils.AppInfoParser - Kafka version: 3.6.2
2026-04-08 22:48:59 [main] INFO  o.a.kafka.common.utils.AppInfoParser - Kafka commitId: c4deed513057c94e
2026-04-08 22:48:59 [main] INFO  o.a.kafka.common.utils.AppInfoParser - Kafka startTimeMs: 1775674139694
2026-04-08 22:48:59 [main] INFO  o.s.k.c.DefaultKafkaConsumerFactory$ExtendedKafkaConsumer - [Consumer clientId=consumer-movie-search-group-2, groupId=movie-search-group] Subscribed to topic(s): movie.events
2026-04-08 22:48:59 [main] INFO  c.ecommerce.application.Application - Started Application in 30.298 seconds (process running for 38.285)
2026-04-08 22:48:59 [org.springframework.kafka.KafkaListenerEndpointContainer#1-0-C-1] INFO  org.apache.kafka.clients.Metadata - [Consumer clientId=consumer-movie-search-group-2, groupId=movie-search-group] Cluster ID: gdZpHr3xQV2zE9BMy12-Hw
2026-04-08 22:48:59 [org.springframework.kafka.KafkaListenerEndpointContainer#0-0-C-1] INFO  org.apache.kafka.clients.Metadata - [Consumer clientId=consumer-actor-search-group-1, groupId=actor-search-group] Cluster ID: gdZpHr3xQV2zE9BMy12-Hw
2026-04-08 22:49:00 [org.springframework.kafka.KafkaListenerEndpointContainer#0-0-C-1] INFO  o.a.k.c.c.i.ConsumerCoordinator - [Consumer clientId=consumer-actor-search-group-1, groupId=actor-search-group] Discovered group coordinator localhost:9092 (id: 2147483646 rack: null)
2026-04-08 22:49:00 [org.springframework.kafka.KafkaListenerEndpointContainer#0-0-C-1] INFO  o.a.k.c.c.i.ConsumerCoordinator - [Consumer clientId=consumer-actor-search-group-1, groupId=actor-search-group] (Re-)joining group
2026-04-08 22:49:00 [org.springframework.kafka.KafkaListenerEndpointContainer#1-0-C-1] INFO  o.a.k.c.c.i.ConsumerCoordinator - [Consumer clientId=consumer-movie-search-group-2, groupId=movie-search-group] Discovered group coordinator localhost:9092 (id: 2147483646 rack: null)
2026-04-08 22:49:00 [org.springframework.kafka.KafkaListenerEndpointContainer#1-0-C-1] INFO  o.a.k.c.c.i.ConsumerCoordinator - [Consumer clientId=consumer-movie-search-group-2, groupId=movie-search-group] (Re-)joining group
2026-04-08 22:49:00 [org.springframework.kafka.KafkaListenerEndpointContainer#0-0-C-1] INFO  o.a.k.c.c.i.ConsumerCoordinator - [Consumer clientId=consumer-actor-search-group-1, groupId=actor-search-group] Request joining group due to: need to re-join with the given member-id: consumer-actor-search-group-1-721f6c30-940d-483e-b9ba-46e90e6bd0b5
2026-04-08 22:49:00 [org.springframework.kafka.KafkaListenerEndpointContainer#1-0-C-1] INFO  o.a.k.c.c.i.ConsumerCoordinator - [Consumer clientId=consumer-movie-search-group-2, groupId=movie-search-group] Request joining group due to: need to re-join with the given member-id: consumer-movie-search-group-2-c548364e-1b88-4dfd-a254-e96bf35494eb
2026-04-08 22:49:00 [org.springframework.kafka.KafkaListenerEndpointContainer#1-0-C-1] INFO  o.a.k.c.c.i.ConsumerCoordinator - [Consumer clientId=consumer-movie-search-group-2, groupId=movie-search-group] Request joining group due to: rebalance failed due to 'The group member needs to have a valid member id before actually entering a consumer group.' (MemberIdRequiredException)
2026-04-08 22:49:00 [org.springframework.kafka.KafkaListenerEndpointContainer#0-0-C-1] INFO  o.a.k.c.c.i.ConsumerCoordinator - [Consumer clientId=consumer-actor-search-group-1, groupId=actor-search-group] Request joining group due to: rebalance failed due to 'The group member needs to have a valid member id before actually entering a consumer group.' (MemberIdRequiredException)
2026-04-08 22:49:00 [org.springframework.kafka.KafkaListenerEndpointContainer#0-0-C-1] INFO  o.a.k.c.c.i.ConsumerCoordinator - [Consumer clientId=consumer-actor-search-group-1, groupId=actor-search-group] (Re-)joining group
2026-04-08 22:49:00 [org.springframework.kafka.KafkaListenerEndpointContainer#1-0-C-1] INFO  o.a.k.c.c.i.ConsumerCoordinator - [Consumer clientId=consumer-movie-search-group-2, groupId=movie-search-group] (Re-)joining group
2026-04-08 22:49:04 [org.springframework.kafka.KafkaListenerEndpointContainer#1-0-C-1] INFO  o.a.k.c.c.i.ConsumerCoordinator - [Consumer clientId=consumer-movie-search-group-2, groupId=movie-search-group] Successfully joined group with generation Generation{generationId=17, memberId='consumer-movie-search-group-2-c548364e-1b88-4dfd-a254-e96bf35494eb', protocol='range'}
2026-04-08 22:49:04 [org.springframework.kafka.KafkaListenerEndpointContainer#1-0-C-1] INFO  o.a.k.c.c.i.ConsumerCoordinator - [Consumer clientId=consumer-movie-search-group-2, groupId=movie-search-group] Finished assignment for group at generation 17: {consumer-movie-search-group-2-c548364e-1b88-4dfd-a254-e96bf35494eb=Assignment(partitions=[movie.events-0])}
2026-04-08 22:49:04 [org.springframework.kafka.KafkaListenerEndpointContainer#0-0-C-1] INFO  o.a.k.c.c.i.ConsumerCoordinator - [Consumer clientId=consumer-actor-search-group-1, groupId=actor-search-group] Successfully joined group with generation Generation{generationId=15, memberId='consumer-actor-search-group-1-721f6c30-940d-483e-b9ba-46e90e6bd0b5', protocol='range'}
2026-04-08 22:49:04 [org.springframework.kafka.KafkaListenerEndpointContainer#0-0-C-1] INFO  o.a.k.c.c.i.ConsumerCoordinator - [Consumer clientId=consumer-actor-search-group-1, groupId=actor-search-group] Finished assignment for group at generation 15: {consumer-actor-search-group-1-721f6c30-940d-483e-b9ba-46e90e6bd0b5=Assignment(partitions=[actor.events-0])}
2026-04-08 22:49:06 [org.springframework.kafka.KafkaListenerEndpointContainer#0-0-C-1] INFO  o.a.k.c.c.i.ConsumerCoordinator - [Consumer clientId=consumer-actor-search-group-1, groupId=actor-search-group] Successfully synced group in generation Generation{generationId=15, memberId='consumer-actor-search-group-1-721f6c30-940d-483e-b9ba-46e90e6bd0b5', protocol='range'}
2026-04-08 22:49:06 [org.springframework.kafka.KafkaListenerEndpointContainer#1-0-C-1] INFO  o.a.k.c.c.i.ConsumerCoordinator - [Consumer clientId=consumer-movie-search-group-2, groupId=movie-search-group] Successfully synced group in generation Generation{generationId=17, memberId='consumer-movie-search-group-2-c548364e-1b88-4dfd-a254-e96bf35494eb', protocol='range'}
2026-04-08 22:49:06 [org.springframework.kafka.KafkaListenerEndpointContainer#0-0-C-1] INFO  o.a.k.c.c.i.ConsumerCoordinator - [Consumer clientId=consumer-actor-search-group-1, groupId=actor-search-group] Notifying assignor about the new Assignment(partitions=[actor.events-0])
2026-04-08 22:49:06 [org.springframework.kafka.KafkaListenerEndpointContainer#1-0-C-1] INFO  o.a.k.c.c.i.ConsumerCoordinator - [Consumer clientId=consumer-movie-search-group-2, groupId=movie-search-group] Notifying assignor about the new Assignment(partitions=[movie.events-0])
2026-04-08 22:49:06 [org.springframework.kafka.KafkaListenerEndpointContainer#1-0-C-1] INFO  o.a.k.c.c.i.ConsumerCoordinator - [Consumer clientId=consumer-movie-search-group-2, groupId=movie-search-group] Adding newly assigned partitions: movie.events-0
2026-04-08 22:49:06 [org.springframework.kafka.KafkaListenerEndpointContainer#0-0-C-1] INFO  o.a.k.c.c.i.ConsumerCoordinator - [Consumer clientId=consumer-actor-search-group-1, groupId=actor-search-group] Adding newly assigned partitions: actor.events-0
2026-04-08 22:49:06 [org.springframework.kafka.KafkaListenerEndpointContainer#0-0-C-1] INFO  o.a.k.c.c.i.ConsumerCoordinator - [Consumer clientId=consumer-actor-search-group-1, groupId=actor-search-group] Setting offset for partition actor.events-0 to the committed offset FetchPosition{offset=29, offsetEpoch=Optional.empty, currentLeader=LeaderAndEpoch{leader=Optional[localhost:9092 (id: 1 rack: null)], epoch=0}}
2026-04-08 22:49:06 [org.springframework.kafka.KafkaListenerEndpointContainer#0-0-C-1] INFO  o.s.k.l.KafkaMessageListenerContainer - actor-search-group: partitions assigned: [actor.events-0]
2026-04-08 22:49:06 [org.springframework.kafka.KafkaListenerEndpointContainer#1-0-C-1] INFO  o.a.k.c.c.i.ConsumerCoordinator - [Consumer clientId=consumer-movie-search-group-2, groupId=movie-search-group] Setting offset for partition movie.events-0 to the committed offset FetchPosition{offset=10, offsetEpoch=Optional.empty, currentLeader=LeaderAndEpoch{leader=Optional[localhost:9092 (id: 1 rack: null)], epoch=0}}
2026-04-08 22:49:06 [org.springframework.kafka.KafkaListenerEndpointContainer#1-0-C-1] INFO  o.s.k.l.KafkaMessageListenerContainer - movie-search-group: partitions assigned: [movie.events-0]
2026-04-08 22:49:33 [nioEventLoopGroup-3-3] INFO  o.a.k.c.producer.ProducerConfig - ProducerConfig values: 
	acks = -1
	auto.include.jmx.reporter = true
	batch.size = 16384
	bootstrap.servers = [localhost:9092]
	buffer.memory = 33554432
	client.dns.lookup = use_all_dns_ips
	client.id = producer-1
	compression.type = none
	connections.max.idle.ms = 540000
	delivery.timeout.ms = 120000
	enable.idempotence = true
	interceptor.classes = []
	key.serializer = class org.apache.kafka.common.serialization.StringSerializer
	linger.ms = 0
	max.block.ms = 60000
	max.in.flight.requests.per.connection = 5
	max.request.size = 1048576
	metadata.max.age.ms = 300000
	metadata.max.idle.ms = 300000
	metric.reporters = []
	metrics.num.samples = 2
	metrics.recording.level = INFO
	metrics.sample.window.ms = 30000
	partitioner.adaptive.partitioning.enable = true
	partitioner.availability.timeout.ms = 0
	partitioner.class = null
	partitioner.ignore.keys = false
	receive.buffer.bytes = 32768
	reconnect.backoff.max.ms = 1000
	reconnect.backoff.ms = 50
	request.timeout.ms = 30000
	retries = 2147483647
	retry.backoff.ms = 100
	sasl.client.callback.handler.class = null
	sasl.jaas.config = null
	sasl.kerberos.kinit.cmd = /usr/bin/kinit
	sasl.kerberos.min.time.before.relogin = 60000
	sasl.kerberos.service.name = null
	sasl.kerberos.ticket.renew.jitter = 0.05
	sasl.kerberos.ticket.renew.window.factor = 0.8
	sasl.login.callback.handler.class = null
	sasl.login.class = null
	sasl.login.connect.timeout.ms = null
	sasl.login.read.timeout.ms = null
	sasl.login.refresh.buffer.seconds = 300
	sasl.login.refresh.min.period.seconds = 60
	sasl.login.refresh.window.factor = 0.8
	sasl.login.refresh.window.jitter = 0.05
	sasl.login.retry.backoff.max.ms = 10000
	sasl.login.retry.backoff.ms = 100
	sasl.mechanism = GSSAPI
	sasl.oauthbearer.clock.skew.seconds = 30
	sasl.oauthbearer.expected.audience = null
	sasl.oauthbearer.expected.issuer = null
	sasl.oauthbearer.jwks.endpoint.refresh.ms = 3600000
	sasl.oauthbearer.jwks.endpoint.retry.backoff.max.ms = 10000
	sasl.oauthbearer.jwks.endpoint.retry.backoff.ms = 100
	sasl.oauthbearer.jwks.endpoint.url = null
	sasl.oauthbearer.scope.claim.name = scope
	sasl.oauthbearer.sub.claim.name = sub
	sasl.oauthbearer.token.endpoint.url = null
	security.protocol = PLAINTEXT
	security.providers = null
	send.buffer.bytes = 131072
	socket.connection.setup.timeout.max.ms = 30000
	socket.connection.setup.timeout.ms = 10000
	ssl.cipher.suites = null
	ssl.enabled.protocols = [TLSv1.2, TLSv1.3]
	ssl.endpoint.identification.algorithm = https
	ssl.engine.factory.class = null
	ssl.key.password = null
	ssl.keymanager.algorithm = SunX509
	ssl.keystore.certificate.chain = null
	ssl.keystore.key = null
	ssl.keystore.location = null
	ssl.keystore.password = null
	ssl.keystore.type = JKS
	ssl.protocol = TLSv1.3
	ssl.provider = null
	ssl.secure.random.implementation = null
	ssl.trustmanager.algorithm = PKIX
	ssl.truststore.certificates = null
	ssl.truststore.location = null
	ssl.truststore.password = null
	ssl.truststore.type = JKS
	transaction.timeout.ms = 60000
	transactional.id = null
	value.serializer = class org.springframework.kafka.support.serializer.JsonSerializer

2026-04-08 22:49:33 [nioEventLoopGroup-3-3] INFO  o.a.k.clients.producer.KafkaProducer - [Producer clientId=producer-1] Instantiated an idempotent producer.
2026-04-08 22:49:33 [nioEventLoopGroup-3-3] INFO  o.a.kafka.common.utils.AppInfoParser - Kafka version: 3.6.2
2026-04-08 22:49:33 [nioEventLoopGroup-3-3] INFO  o.a.kafka.common.utils.AppInfoParser - Kafka commitId: c4deed513057c94e
2026-04-08 22:49:33 [nioEventLoopGroup-3-3] INFO  o.a.kafka.common.utils.AppInfoParser - Kafka startTimeMs: 1775674173744
2026-04-08 22:49:35 [kafka-producer-network-thread | producer-1] INFO  org.apache.kafka.clients.Metadata - [Producer clientId=producer-1] Cluster ID: gdZpHr3xQV2zE9BMy12-Hw
2026-04-08 22:49:35 [nioEventLoopGroup-3-3] INFO  c.e.m.producer.MovieProducer - Movie event sent
2026-04-08 22:49:47 [kafka-producer-network-thread | producer-1] INFO  o.a.k.c.p.i.TransactionManager - [Producer clientId=producer-1] ProducerId set to 3000 with epoch 0
2026-04-08 22:50:13 [I/O dispatcher 1] INFO  c.e.m.consumer.MovieConsumer - Movie created/updated: Inception Part II
2026-04-08 22:58:00 [org.springframework.kafka.KafkaListenerEndpointContainer#1-0-C-1] INFO  o.apache.kafka.clients.NetworkClient - [Consumer clientId=consumer-movie-search-group-2, groupId=movie-search-group] Node -1 disconnected.
2026-04-08 22:58:00 [org.springframework.kafka.KafkaListenerEndpointContainer#0-0-C-1] INFO  o.apache.kafka.clients.NetworkClient - [Consumer clientId=consumer-actor-search-group-1, groupId=actor-search-group] Node -1 disconnected.
2026-04-08 22:59:05 [kafka-producer-network-thread | producer-1] INFO  o.apache.kafka.clients.NetworkClient - [Producer clientId=producer-1] Node -1 disconnected.
2026-04-08 23:02:15 [org.springframework.kafka.KafkaListenerEndpointContainer#0-0-C-1] INFO  o.a.k.c.c.i.ConsumerCoordinator - [Consumer clientId=consumer-actor-search-group-1, groupId=actor-search-group] Revoke previously assigned partitions actor.events-0
2026-04-08 23:02:15 [org.springframework.kafka.KafkaListenerEndpointContainer#1-0-C-1] INFO  o.a.k.c.c.i.ConsumerCoordinator - [Consumer clientId=consumer-movie-search-group-2, groupId=movie-search-group] Revoke previously assigned partitions movie.events-0
2026-04-08 23:02:15 [org.springframework.kafka.KafkaListenerEndpointContainer#0-0-C-1] INFO  o.s.k.l.KafkaMessageListenerContainer - actor-search-group: partitions revoked: [actor.events-0]
2026-04-08 23:02:15 [org.springframework.kafka.KafkaListenerEndpointContainer#1-0-C-1] INFO  o.s.k.l.KafkaMessageListenerContainer - movie-search-group: partitions revoked: [movie.events-0]
2026-04-08 23:02:15 [org.springframework.kafka.KafkaListenerEndpointContainer#0-0-C-1] INFO  o.a.k.c.c.i.ConsumerCoordinator - [Consumer clientId=consumer-actor-search-group-1, groupId=actor-search-group] Member consumer-actor-search-group-1-721f6c30-940d-483e-b9ba-46e90e6bd0b5 sending LeaveGroup request to coordinator localhost:9092 (id: 2147483646 rack: null) due to the consumer unsubscribed from all topics
2026-04-08 23:02:15 [org.springframework.kafka.KafkaListenerEndpointContainer#1-0-C-1] INFO  o.a.k.c.c.i.ConsumerCoordinator - [Consumer clientId=consumer-movie-search-group-2, groupId=movie-search-group] Member consumer-movie-search-group-2-c548364e-1b88-4dfd-a254-e96bf35494eb sending LeaveGroup request to coordinator localhost:9092 (id: 2147483646 rack: null) due to the consumer unsubscribed from all topics
2026-04-08 23:02:15 [org.springframework.kafka.KafkaListenerEndpointContainer#0-0-C-1] INFO  o.a.k.c.c.i.ConsumerCoordinator - [Consumer clientId=consumer-actor-search-group-1, groupId=actor-search-group] Resetting generation and member id due to: consumer pro-actively leaving the group
2026-04-08 23:02:15 [org.springframework.kafka.KafkaListenerEndpointContainer#1-0-C-1] INFO  o.a.k.c.c.i.ConsumerCoordinator - [Consumer clientId=consumer-movie-search-group-2, groupId=movie-search-group] Resetting generation and member id due to: consumer pro-actively leaving the group
2026-04-08 23:02:15 [org.springframework.kafka.KafkaListenerEndpointContainer#1-0-C-1] INFO  o.a.k.c.c.i.ConsumerCoordinator - [Consumer clientId=consumer-movie-search-group-2, groupId=movie-search-group] Request joining group due to: consumer pro-actively leaving the group
2026-04-08 23:02:15 [org.springframework.kafka.KafkaListenerEndpointContainer#0-0-C-1] INFO  o.a.k.c.c.i.ConsumerCoordinator - [Consumer clientId=consumer-actor-search-group-1, groupId=actor-search-group] Request joining group due to: consumer pro-actively leaving the group
2026-04-08 23:02:15 [org.springframework.kafka.KafkaListenerEndpointContainer#1-0-C-1] INFO  o.s.k.c.DefaultKafkaConsumerFactory$ExtendedKafkaConsumer - [Consumer clientId=consumer-movie-search-group-2, groupId=movie-search-group] Unsubscribed all topics or patterns and assigned partitions
2026-04-08 23:02:15 [org.springframework.kafka.KafkaListenerEndpointContainer#0-0-C-1] INFO  o.s.k.c.DefaultKafkaConsumerFactory$ExtendedKafkaConsumer - [Consumer clientId=consumer-actor-search-group-1, groupId=actor-search-group] Unsubscribed all topics or patterns and assigned partitions
2026-04-08 23:02:15 [org.springframework.kafka.KafkaListenerEndpointContainer#0-0-C-1] INFO  o.a.k.c.c.i.ConsumerCoordinator - [Consumer clientId=consumer-actor-search-group-1, groupId=actor-search-group] Resetting generation and member id due to: consumer pro-actively leaving the group
2026-04-08 23:02:15 [org.springframework.kafka.KafkaListenerEndpointContainer#0-0-C-1] INFO  o.a.k.c.c.i.ConsumerCoordinator - [Consumer clientId=consumer-actor-search-group-1, groupId=actor-search-group] Request joining group due to: consumer pro-actively leaving the group
2026-04-08 23:02:15 [org.springframework.kafka.KafkaListenerEndpointContainer#1-0-C-1] INFO  o.a.k.c.c.i.ConsumerCoordinator - [Consumer clientId=consumer-movie-search-group-2, groupId=movie-search-group] Resetting generation and member id due to: consumer pro-actively leaving the group
2026-04-08 23:02:15 [org.springframework.kafka.KafkaListenerEndpointContainer#1-0-C-1] INFO  o.a.k.c.c.i.ConsumerCoordinator - [Consumer clientId=consumer-movie-search-group-2, groupId=movie-search-group] Request joining group due to: consumer pro-actively leaving the group
2026-04-08 23:02:17 [org.springframework.kafka.KafkaListenerEndpointContainer#0-0-C-1] INFO  o.a.kafka.common.metrics.Metrics - Metrics scheduler closed
2026-04-08 23:02:17 [org.springframework.kafka.KafkaListenerEndpointContainer#1-0-C-1] INFO  o.a.kafka.common.metrics.Metrics - Metrics scheduler closed
2026-04-08 23:02:17 [org.springframework.kafka.KafkaListenerEndpointContainer#0-0-C-1] INFO  o.a.kafka.common.metrics.Metrics - Closing reporter org.apache.kafka.common.metrics.JmxReporter
2026-04-08 23:02:17 [org.springframework.kafka.KafkaListenerEndpointContainer#0-0-C-1] INFO  o.a.kafka.common.metrics.Metrics - Metrics reporters closed
2026-04-08 23:02:17 [org.springframework.kafka.KafkaListenerEndpointContainer#1-0-C-1] INFO  o.a.kafka.common.metrics.Metrics - Closing reporter org.apache.kafka.common.metrics.JmxReporter
2026-04-08 23:02:17 [org.springframework.kafka.KafkaListenerEndpointContainer#1-0-C-1] INFO  o.a.kafka.common.metrics.Metrics - Metrics reporters closed
2026-04-08 23:02:17 [org.springframework.kafka.KafkaListenerEndpointContainer#0-0-C-1] INFO  o.a.kafka.common.utils.AppInfoParser - App info kafka.consumer for consumer-actor-search-group-1 unregistered
2026-04-08 23:02:17 [org.springframework.kafka.KafkaListenerEndpointContainer#1-0-C-1] INFO  o.a.kafka.common.utils.AppInfoParser - App info kafka.consumer for consumer-movie-search-group-2 unregistered
2026-04-08 23:02:17 [org.springframework.kafka.KafkaListenerEndpointContainer#1-0-C-1] INFO  o.s.k.l.KafkaMessageListenerContainer - movie-search-group: Consumer stopped
2026-04-08 23:02:17 [org.springframework.kafka.KafkaListenerEndpointContainer#0-0-C-1] INFO  o.s.k.l.KafkaMessageListenerContainer - actor-search-group: Consumer stopped
2026-04-08 23:02:19 [SpringApplicationShutdownHook] INFO  o.a.k.clients.producer.KafkaProducer - [Producer clientId=producer-1] Closing the Kafka producer with timeoutMillis = 30000 ms.
2026-04-08 23:02:20 [SpringApplicationShutdownHook] INFO  o.a.kafka.common.metrics.Metrics - Metrics scheduler closed
2026-04-08 23:02:20 [SpringApplicationShutdownHook] INFO  o.a.kafka.common.metrics.Metrics - Closing reporter org.apache.kafka.common.metrics.JmxReporter
2026-04-08 23:02:20 [SpringApplicationShutdownHook] INFO  o.a.kafka.common.metrics.Metrics - Metrics reporters closed
2026-04-08 23:02:20 [SpringApplicationShutdownHook] INFO  o.a.kafka.common.utils.AppInfoParser - App info kafka.producer for producer-1 unregistered
2026-04-08 23:03:25 [background-preinit] INFO  o.h.validator.internal.util.Version - HV000001: Hibernate Validator 8.0.1.Final
2026-04-08 23:03:25 [main] INFO  c.ecommerce.application.Application - Starting Application using Java 17.0.15 with PID 1268 (C:\Users\99450\Desktop\JavaProj\ReactiveMovieHub\application\build\classes\java\main started by 99450 in C:\Users\99450\Desktop\JavaProj\ReactiveMovieHub)
2026-04-08 23:03:25 [main] INFO  c.ecommerce.application.Application - No active profile set, falling back to 1 default profile: "default"
2026-04-08 23:03:29 [main] INFO  o.s.d.r.c.RepositoryConfigurationDelegate - Multiple Spring Data modules found, entering strict repository configuration mode
2026-04-08 23:03:29 [main] INFO  o.s.d.r.c.RepositoryConfigurationDelegate - Bootstrapping Spring Data Reactive Elasticsearch repositories in DEFAULT mode.
2026-04-08 23:03:30 [main] INFO  o.s.d.r.c.RepositoryConfigurationDelegate - Finished Spring Data repository scanning in 1314 ms. Found 2 Reactive Elasticsearch repository interfaces.
2026-04-08 23:03:30 [main] INFO  o.s.d.r.c.RepositoryConfigurationDelegate - Multiple Spring Data modules found, entering strict repository configuration mode
2026-04-08 23:03:30 [main] INFO  o.s.d.r.c.RepositoryConfigurationDelegate - Bootstrapping Spring Data Reactive MongoDB repositories in DEFAULT mode.
2026-04-08 23:03:30 [main] INFO  o.s.d.r.c.RepositoryConfigurationDelegate - Finished Spring Data repository scanning in 96 ms. Found 4 Reactive MongoDB repository interfaces.
2026-04-08 23:03:31 [main] INFO  o.s.d.r.c.RepositoryConfigurationDelegate - Multiple Spring Data modules found, entering strict repository configuration mode
2026-04-08 23:03:31 [main] INFO  o.s.d.r.c.RepositoryConfigurationDelegate - Bootstrapping Spring Data Elasticsearch repositories in DEFAULT mode.
2026-04-08 23:03:31 [main] INFO  o.s.d.r.c.RepositoryConfigurationDelegate - Finished Spring Data repository scanning in 52 ms. Found 0 Elasticsearch repository interfaces.
2026-04-08 23:03:37 [main] INFO  org.mongodb.driver.client - MongoClient with metadata {"driver": {"name": "mongo-java-driver|reactive-streams|spring-boot", "version": "4.11.2"}, "os": {"type": "Windows", "name": "Windows 11", "architecture": "amd64", "version": "10.0"}, "platform": "Java/Amazon.com Inc./17.0.15+6-LTS"} created with settings MongoClientSettings{readPreference=primary, writeConcern=WriteConcern{w=null, wTimeout=null ms, journal=null}, retryWrites=true, retryReads=true, readConcern=ReadConcern{level=null}, credential=MongoCredential{mechanism=null, userName='admin', source='admin', password=<hidden>, mechanismProperties=<hidden>}, transportSettings=NettyTransportSettings{eventLoopGroup=io.netty.channel.nio.NioEventLoopGroup@4b4814d0, socketChannelClass=null, allocator=null, sslContext=null}, streamFactoryFactory=null, commandListeners=[], codecRegistry=ProvidersCodecRegistry{codecProviders=[ValueCodecProvider{}, BsonValueCodecProvider{}, DBRefCodecProvider{}, DBObjectCodecProvider{}, DocumentCodecProvider{}, CollectionCodecProvider{}, IterableCodecProvider{}, MapCodecProvider{}, GeoJsonCodecProvider{}, GridFSFileCodecProvider{}, Jsr310CodecProvider{}, JsonObjectCodecProvider{}, BsonCodecProvider{}, EnumCodecProvider{}, com.mongodb.client.model.mql.ExpressionCodecProvider@4ae8fb2a, com.mongodb.Jep395RecordCodecProvider@54326e9, com.mongodb.KotlinCodecProvider@20216016]}, loggerSettings=LoggerSettings{maxDocumentLength=1000}, clusterSettings={hosts=[localhost:27017], srvServiceName=mongodb, mode=SINGLE, requiredClusterType=UNKNOWN, requiredReplicaSetName='null', serverSelector='null', clusterListeners='[]', serverSelectionTimeout='1000000000 ms', localThreshold='15 ms'}, socketSettings=SocketSettings{connectTimeoutMS=10000, readTimeoutMS=2000000000, receiveBufferSize=0, proxySettings=ProxySettings{host=null, port=null, username=null, password=null}}, heartbeatSocketSettings=SocketSettings{connectTimeoutMS=10000, readTimeoutMS=10000, receiveBufferSize=0, proxySettings=ProxySettings{host=null, port=null, username=null, password=null}}, connectionPoolSettings=ConnectionPoolSettings{maxSize=100, minSize=0, maxWaitTimeMS=120000, maxConnectionLifeTimeMS=0, maxConnectionIdleTimeMS=0, maintenanceInitialDelayMS=0, maintenanceFrequencyMS=60000, connectionPoolListeners=[], maxConnecting=2}, serverSettings=ServerSettings{heartbeatFrequencyMS=10000, minHeartbeatFrequencyMS=500, serverListeners='[]', serverMonitorListeners='[]'}, sslSettings=SslSettings{enabled=false, invalidHostNameAllowed=false, context=null}, applicationName='null', compressorList=[], uuidRepresentation=JAVA_LEGACY, serverApi=null, autoEncryptionSettings=null, dnsClient=null, inetAddressResolver=null, contextProvider=null}
2026-04-08 23:03:38 [cluster-ClusterId{value='69d6a68827ee9729ce58a68f', description='null'}-localhost:27017] INFO  org.mongodb.driver.cluster - Monitor thread successfully connected to server with description ServerDescription{address=localhost:27017, type=STANDALONE, state=CONNECTED, ok=true, minWireVersion=0, maxWireVersion=27, maxDocumentSize=16777216, logicalSessionTimeoutMinutes=30, roundTripTimeNanos=577718000}
2026-04-08 23:03:47 [main] INFO  o.a.k.c.admin.AdminClientConfig - AdminClientConfig values: 
	auto.include.jmx.reporter = true
	bootstrap.servers = [localhost:9092]
	client.dns.lookup = use_all_dns_ips
	client.id = 
	connections.max.idle.ms = 300000
	default.api.timeout.ms = 60000
	metadata.max.age.ms = 300000
	metric.reporters = []
	metrics.num.samples = 2
	metrics.recording.level = INFO
	metrics.sample.window.ms = 30000
	receive.buffer.bytes = 65536
	reconnect.backoff.max.ms = 1000
	reconnect.backoff.ms = 50
	request.timeout.ms = 30000
	retries = 2147483647
	retry.backoff.ms = 100
	sasl.client.callback.handler.class = null
	sasl.jaas.config = null
	sasl.kerberos.kinit.cmd = /usr/bin/kinit
	sasl.kerberos.min.time.before.relogin = 60000
	sasl.kerberos.service.name = null
	sasl.kerberos.ticket.renew.jitter = 0.05
	sasl.kerberos.ticket.renew.window.factor = 0.8
	sasl.login.callback.handler.class = null
	sasl.login.class = null
	sasl.login.connect.timeout.ms = null
	sasl.login.read.timeout.ms = null
	sasl.login.refresh.buffer.seconds = 300
	sasl.login.refresh.min.period.seconds = 60
	sasl.login.refresh.window.factor = 0.8
	sasl.login.refresh.window.jitter = 0.05
	sasl.login.retry.backoff.max.ms = 10000
	sasl.login.retry.backoff.ms = 100
	sasl.mechanism = GSSAPI
	sasl.oauthbearer.clock.skew.seconds = 30
	sasl.oauthbearer.expected.audience = null
	sasl.oauthbearer.expected.issuer = null
	sasl.oauthbearer.jwks.endpoint.refresh.ms = 3600000
	sasl.oauthbearer.jwks.endpoint.retry.backoff.max.ms = 10000
	sasl.oauthbearer.jwks.endpoint.retry.backoff.ms = 100
	sasl.oauthbearer.jwks.endpoint.url = null
	sasl.oauthbearer.scope.claim.name = scope
	sasl.oauthbearer.sub.claim.name = sub
	sasl.oauthbearer.token.endpoint.url = null
	security.protocol = PLAINTEXT
	security.providers = null
	send.buffer.bytes = 131072
	socket.connection.setup.timeout.max.ms = 30000
	socket.connection.setup.timeout.ms = 10000
	ssl.cipher.suites = null
	ssl.enabled.protocols = [TLSv1.2, TLSv1.3]
	ssl.endpoint.identification.algorithm = https
	ssl.engine.factory.class = null
	ssl.key.password = null
	ssl.keymanager.algorithm = SunX509
	ssl.keystore.certificate.chain = null
	ssl.keystore.key = null
	ssl.keystore.location = null
	ssl.keystore.password = null
	ssl.keystore.type = JKS
	ssl.protocol = TLSv1.3
	ssl.provider = null
	ssl.secure.random.implementation = null
	ssl.trustmanager.algorithm = PKIX
	ssl.truststore.certificates = null
	ssl.truststore.location = null
	ssl.truststore.password = null
	ssl.truststore.type = JKS

2026-04-08 23:03:47 [main] INFO  o.a.kafka.common.utils.AppInfoParser - Kafka version: 3.6.2
2026-04-08 23:03:47 [main] INFO  o.a.kafka.common.utils.AppInfoParser - Kafka commitId: c4deed513057c94e
2026-04-08 23:03:47 [main] INFO  o.a.kafka.common.utils.AppInfoParser - Kafka startTimeMs: 1775675027708
2026-04-08 23:03:50 [kafka-admin-client-thread | adminclient-1] INFO  o.a.kafka.common.utils.AppInfoParser - App info kafka.admin.client for adminclient-1 unregistered
2026-04-08 23:03:51 [kafka-admin-client-thread | adminclient-1] INFO  o.a.kafka.common.metrics.Metrics - Metrics scheduler closed
2026-04-08 23:03:51 [kafka-admin-client-thread | adminclient-1] INFO  o.a.kafka.common.metrics.Metrics - Closing reporter org.apache.kafka.common.metrics.JmxReporter
2026-04-08 23:03:51 [kafka-admin-client-thread | adminclient-1] INFO  o.a.kafka.common.metrics.Metrics - Metrics reporters closed
2026-04-08 23:03:51 [main] INFO  o.s.b.w.e.netty.NettyWebServer - Netty started on port 8080
2026-04-08 23:03:51 [main] INFO  o.a.k.c.consumer.ConsumerConfig - ConsumerConfig values: 
	allow.auto.create.topics = true
	auto.commit.interval.ms = 5000
	auto.include.jmx.reporter = true
	auto.offset.reset = latest
	bootstrap.servers = [localhost:9092]
	check.crcs = true
	client.dns.lookup = use_all_dns_ips
	client.id = consumer-actor-search-group-1
	client.rack = 
	connections.max.idle.ms = 540000
	default.api.timeout.ms = 60000
	enable.auto.commit = false
	exclude.internal.topics = true
	fetch.max.bytes = 52428800
	fetch.max.wait.ms = 500
	fetch.min.bytes = 1
	group.id = actor-search-group
	group.instance.id = null
	heartbeat.interval.ms = 3000
	interceptor.classes = []
	internal.leave.group.on.close = true
	internal.throw.on.fetch.stable.offset.unsupported = false
	isolation.level = read_uncommitted
	key.deserializer = class org.apache.kafka.common.serialization.StringDeserializer
	max.partition.fetch.bytes = 1048576
	max.poll.interval.ms = 300000
	max.poll.records = 500
	metadata.max.age.ms = 300000
	metric.reporters = []
	metrics.num.samples = 2
	metrics.recording.level = INFO
	metrics.sample.window.ms = 30000
	partition.assignment.strategy = [class org.apache.kafka.clients.consumer.RangeAssignor, class org.apache.kafka.clients.consumer.CooperativeStickyAssignor]
	receive.buffer.bytes = 65536
	reconnect.backoff.max.ms = 1000
	reconnect.backoff.ms = 50
	request.timeout.ms = 30000
	retry.backoff.ms = 100
	sasl.client.callback.handler.class = null
	sasl.jaas.config = null
	sasl.kerberos.kinit.cmd = /usr/bin/kinit
	sasl.kerberos.min.time.before.relogin = 60000
	sasl.kerberos.service.name = null
	sasl.kerberos.ticket.renew.jitter = 0.05
	sasl.kerberos.ticket.renew.window.factor = 0.8
	sasl.login.callback.handler.class = null
	sasl.login.class = null
	sasl.login.connect.timeout.ms = null
	sasl.login.read.timeout.ms = null
	sasl.login.refresh.buffer.seconds = 300
	sasl.login.refresh.min.period.seconds = 60
	sasl.login.refresh.window.factor = 0.8
	sasl.login.refresh.window.jitter = 0.05
	sasl.login.retry.backoff.max.ms = 10000
	sasl.login.retry.backoff.ms = 100
	sasl.mechanism = GSSAPI
	sasl.oauthbearer.clock.skew.seconds = 30
	sasl.oauthbearer.expected.audience = null
	sasl.oauthbearer.expected.issuer = null
	sasl.oauthbearer.jwks.endpoint.refresh.ms = 3600000
	sasl.oauthbearer.jwks.endpoint.retry.backoff.max.ms = 10000
	sasl.oauthbearer.jwks.endpoint.retry.backoff.ms = 100
	sasl.oauthbearer.jwks.endpoint.url = null
	sasl.oauthbearer.scope.claim.name = scope
	sasl.oauthbearer.sub.claim.name = sub
	sasl.oauthbearer.token.endpoint.url = null
	security.protocol = PLAINTEXT
	security.providers = null
	send.buffer.bytes = 131072
	session.timeout.ms = 45000
	socket.connection.setup.timeout.max.ms = 30000
	socket.connection.setup.timeout.ms = 10000
	ssl.cipher.suites = null
	ssl.enabled.protocols = [TLSv1.2, TLSv1.3]
	ssl.endpoint.identification.algorithm = https
	ssl.engine.factory.class = null
	ssl.key.password = null
	ssl.keymanager.algorithm = SunX509
	ssl.keystore.certificate.chain = null
	ssl.keystore.key = null
	ssl.keystore.location = null
	ssl.keystore.password = null
	ssl.keystore.type = JKS
	ssl.protocol = TLSv1.3
	ssl.provider = null
	ssl.secure.random.implementation = null
	ssl.trustmanager.algorithm = PKIX
	ssl.truststore.certificates = null
	ssl.truststore.location = null
	ssl.truststore.password = null
	ssl.truststore.type = JKS
	value.deserializer = class org.springframework.kafka.support.serializer.JsonDeserializer

2026-04-08 23:03:52 [main] INFO  o.a.kafka.common.utils.AppInfoParser - Kafka version: 3.6.2
2026-04-08 23:03:52 [main] INFO  o.a.kafka.common.utils.AppInfoParser - Kafka commitId: c4deed513057c94e
2026-04-08 23:03:52 [main] INFO  o.a.kafka.common.utils.AppInfoParser - Kafka startTimeMs: 1775675032159
2026-04-08 23:03:52 [main] INFO  o.s.k.c.DefaultKafkaConsumerFactory$ExtendedKafkaConsumer - [Consumer clientId=consumer-actor-search-group-1, groupId=actor-search-group] Subscribed to topic(s): actor.events
2026-04-08 23:03:52 [main] INFO  o.a.k.c.consumer.ConsumerConfig - ConsumerConfig values: 
	allow.auto.create.topics = true
	auto.commit.interval.ms = 5000
	auto.include.jmx.reporter = true
	auto.offset.reset = latest
	bootstrap.servers = [localhost:9092]
	check.crcs = true
	client.dns.lookup = use_all_dns_ips
	client.id = consumer-movie-search-group-2
	client.rack = 
	connections.max.idle.ms = 540000
	default.api.timeout.ms = 60000
	enable.auto.commit = false
	exclude.internal.topics = true
	fetch.max.bytes = 52428800
	fetch.max.wait.ms = 500
	fetch.min.bytes = 1
	group.id = movie-search-group
	group.instance.id = null
	heartbeat.interval.ms = 3000
	interceptor.classes = []
	internal.leave.group.on.close = true
	internal.throw.on.fetch.stable.offset.unsupported = false
	isolation.level = read_uncommitted
	key.deserializer = class org.apache.kafka.common.serialization.StringDeserializer
	max.partition.fetch.bytes = 1048576
	max.poll.interval.ms = 300000
	max.poll.records = 500
	metadata.max.age.ms = 300000
	metric.reporters = []
	metrics.num.samples = 2
	metrics.recording.level = INFO
	metrics.sample.window.ms = 30000
	partition.assignment.strategy = [class org.apache.kafka.clients.consumer.RangeAssignor, class org.apache.kafka.clients.consumer.CooperativeStickyAssignor]
	receive.buffer.bytes = 65536
	reconnect.backoff.max.ms = 1000
	reconnect.backoff.ms = 50
	request.timeout.ms = 30000
	retry.backoff.ms = 100
	sasl.client.callback.handler.class = null
	sasl.jaas.config = null
	sasl.kerberos.kinit.cmd = /usr/bin/kinit
	sasl.kerberos.min.time.before.relogin = 60000
	sasl.kerberos.service.name = null
	sasl.kerberos.ticket.renew.jitter = 0.05
	sasl.kerberos.ticket.renew.window.factor = 0.8
	sasl.login.callback.handler.class = null
	sasl.login.class = null
	sasl.login.connect.timeout.ms = null
	sasl.login.read.timeout.ms = null
	sasl.login.refresh.buffer.seconds = 300
	sasl.login.refresh.min.period.seconds = 60
	sasl.login.refresh.window.factor = 0.8
	sasl.login.refresh.window.jitter = 0.05
	sasl.login.retry.backoff.max.ms = 10000
	sasl.login.retry.backoff.ms = 100
	sasl.mechanism = GSSAPI
	sasl.oauthbearer.clock.skew.seconds = 30
	sasl.oauthbearer.expected.audience = null
	sasl.oauthbearer.expected.issuer = null
	sasl.oauthbearer.jwks.endpoint.refresh.ms = 3600000
	sasl.oauthbearer.jwks.endpoint.retry.backoff.max.ms = 10000
	sasl.oauthbearer.jwks.endpoint.retry.backoff.ms = 100
	sasl.oauthbearer.jwks.endpoint.url = null
	sasl.oauthbearer.scope.claim.name = scope
	sasl.oauthbearer.sub.claim.name = sub
	sasl.oauthbearer.token.endpoint.url = null
	security.protocol = PLAINTEXT
	security.providers = null
	send.buffer.bytes = 131072
	session.timeout.ms = 45000
	socket.connection.setup.timeout.max.ms = 30000
	socket.connection.setup.timeout.ms = 10000
	ssl.cipher.suites = null
	ssl.enabled.protocols = [TLSv1.2, TLSv1.3]
	ssl.endpoint.identification.algorithm = https
	ssl.engine.factory.class = null
	ssl.key.password = null
	ssl.keymanager.algorithm = SunX509
	ssl.keystore.certificate.chain = null
	ssl.keystore.key = null
	ssl.keystore.location = null
	ssl.keystore.password = null
	ssl.keystore.type = JKS
	ssl.protocol = TLSv1.3
	ssl.provider = null
	ssl.secure.random.implementation = null
	ssl.trustmanager.algorithm = PKIX
	ssl.truststore.certificates = null
	ssl.truststore.location = null
	ssl.truststore.password = null
	ssl.truststore.type = JKS
	value.deserializer = class org.springframework.kafka.support.serializer.JsonDeserializer

2026-04-08 23:03:52 [main] INFO  o.a.kafka.common.utils.AppInfoParser - Kafka version: 3.6.2
2026-04-08 23:03:52 [main] INFO  o.a.kafka.common.utils.AppInfoParser - Kafka commitId: c4deed513057c94e
2026-04-08 23:03:52 [main] INFO  o.a.kafka.common.utils.AppInfoParser - Kafka startTimeMs: 1775675032248
2026-04-08 23:03:52 [main] INFO  o.s.k.c.DefaultKafkaConsumerFactory$ExtendedKafkaConsumer - [Consumer clientId=consumer-movie-search-group-2, groupId=movie-search-group] Subscribed to topic(s): movie.events
2026-04-08 23:03:52 [main] INFO  c.ecommerce.application.Application - Started Application in 31.82 seconds (process running for 38.015)
2026-04-08 23:03:52 [org.springframework.kafka.KafkaListenerEndpointContainer#1-0-C-1] INFO  org.apache.kafka.clients.Metadata - [Consumer clientId=consumer-movie-search-group-2, groupId=movie-search-group] Cluster ID: gdZpHr3xQV2zE9BMy12-Hw
2026-04-08 23:03:52 [org.springframework.kafka.KafkaListenerEndpointContainer#0-0-C-1] INFO  org.apache.kafka.clients.Metadata - [Consumer clientId=consumer-actor-search-group-1, groupId=actor-search-group] Cluster ID: gdZpHr3xQV2zE9BMy12-Hw
2026-04-08 23:03:52 [org.springframework.kafka.KafkaListenerEndpointContainer#1-0-C-1] INFO  o.a.k.c.c.i.ConsumerCoordinator - [Consumer clientId=consumer-movie-search-group-2, groupId=movie-search-group] Discovered group coordinator localhost:9092 (id: 2147483646 rack: null)
2026-04-08 23:03:52 [org.springframework.kafka.KafkaListenerEndpointContainer#1-0-C-1] INFO  o.a.k.c.c.i.ConsumerCoordinator - [Consumer clientId=consumer-movie-search-group-2, groupId=movie-search-group] (Re-)joining group
2026-04-08 23:03:52 [org.springframework.kafka.KafkaListenerEndpointContainer#0-0-C-1] INFO  o.a.k.c.c.i.ConsumerCoordinator - [Consumer clientId=consumer-actor-search-group-1, groupId=actor-search-group] Discovered group coordinator localhost:9092 (id: 2147483646 rack: null)
2026-04-08 23:03:52 [org.springframework.kafka.KafkaListenerEndpointContainer#0-0-C-1] INFO  o.a.k.c.c.i.ConsumerCoordinator - [Consumer clientId=consumer-actor-search-group-1, groupId=actor-search-group] (Re-)joining group
2026-04-08 23:03:53 [org.springframework.kafka.KafkaListenerEndpointContainer#0-0-C-1] INFO  o.a.k.c.c.i.ConsumerCoordinator - [Consumer clientId=consumer-actor-search-group-1, groupId=actor-search-group] Request joining group due to: need to re-join with the given member-id: consumer-actor-search-group-1-bc9014a6-b4cd-4e81-bd6a-0a24141a5f81
2026-04-08 23:03:53 [org.springframework.kafka.KafkaListenerEndpointContainer#0-0-C-1] INFO  o.a.k.c.c.i.ConsumerCoordinator - [Consumer clientId=consumer-actor-search-group-1, groupId=actor-search-group] Request joining group due to: rebalance failed due to 'The group member needs to have a valid member id before actually entering a consumer group.' (MemberIdRequiredException)
2026-04-08 23:03:53 [org.springframework.kafka.KafkaListenerEndpointContainer#0-0-C-1] INFO  o.a.k.c.c.i.ConsumerCoordinator - [Consumer clientId=consumer-actor-search-group-1, groupId=actor-search-group] (Re-)joining group
2026-04-08 23:03:53 [org.springframework.kafka.KafkaListenerEndpointContainer#1-0-C-1] INFO  o.a.k.c.c.i.ConsumerCoordinator - [Consumer clientId=consumer-movie-search-group-2, groupId=movie-search-group] Request joining group due to: need to re-join with the given member-id: consumer-movie-search-group-2-6b5a1ee1-48fb-4cf8-9e87-ee7b22c3065d
2026-04-08 23:03:53 [org.springframework.kafka.KafkaListenerEndpointContainer#1-0-C-1] INFO  o.a.k.c.c.i.ConsumerCoordinator - [Consumer clientId=consumer-movie-search-group-2, groupId=movie-search-group] Request joining group due to: rebalance failed due to 'The group member needs to have a valid member id before actually entering a consumer group.' (MemberIdRequiredException)
2026-04-08 23:03:53 [org.springframework.kafka.KafkaListenerEndpointContainer#1-0-C-1] INFO  o.a.k.c.c.i.ConsumerCoordinator - [Consumer clientId=consumer-movie-search-group-2, groupId=movie-search-group] (Re-)joining group
2026-04-08 23:03:56 [org.springframework.kafka.KafkaListenerEndpointContainer#0-0-C-1] INFO  o.a.k.c.c.i.ConsumerCoordinator - [Consumer clientId=consumer-actor-search-group-1, groupId=actor-search-group] Successfully joined group with generation Generation{generationId=17, memberId='consumer-actor-search-group-1-bc9014a6-b4cd-4e81-bd6a-0a24141a5f81', protocol='range'}
2026-04-08 23:03:57 [org.springframework.kafka.KafkaListenerEndpointContainer#0-0-C-1] INFO  o.a.k.c.c.i.ConsumerCoordinator - [Consumer clientId=consumer-actor-search-group-1, groupId=actor-search-group] Finished assignment for group at generation 17: {consumer-actor-search-group-1-bc9014a6-b4cd-4e81-bd6a-0a24141a5f81=Assignment(partitions=[actor.events-0])}
2026-04-08 23:03:57 [org.springframework.kafka.KafkaListenerEndpointContainer#1-0-C-1] INFO  o.a.k.c.c.i.ConsumerCoordinator - [Consumer clientId=consumer-movie-search-group-2, groupId=movie-search-group] Successfully joined group with generation Generation{generationId=19, memberId='consumer-movie-search-group-2-6b5a1ee1-48fb-4cf8-9e87-ee7b22c3065d', protocol='range'}
2026-04-08 23:03:57 [org.springframework.kafka.KafkaListenerEndpointContainer#1-0-C-1] INFO  o.a.k.c.c.i.ConsumerCoordinator - [Consumer clientId=consumer-movie-search-group-2, groupId=movie-search-group] Finished assignment for group at generation 19: {consumer-movie-search-group-2-6b5a1ee1-48fb-4cf8-9e87-ee7b22c3065d=Assignment(partitions=[movie.events-0])}
2026-04-08 23:03:57 [org.springframework.kafka.KafkaListenerEndpointContainer#0-0-C-1] INFO  o.a.k.c.c.i.ConsumerCoordinator - [Consumer clientId=consumer-actor-search-group-1, groupId=actor-search-group] Successfully synced group in generation Generation{generationId=17, memberId='consumer-actor-search-group-1-bc9014a6-b4cd-4e81-bd6a-0a24141a5f81', protocol='range'}
2026-04-08 23:03:57 [org.springframework.kafka.KafkaListenerEndpointContainer#0-0-C-1] INFO  o.a.k.c.c.i.ConsumerCoordinator - [Consumer clientId=consumer-actor-search-group-1, groupId=actor-search-group] Notifying assignor about the new Assignment(partitions=[actor.events-0])
2026-04-08 23:03:57 [org.springframework.kafka.KafkaListenerEndpointContainer#1-0-C-1] INFO  o.a.k.c.c.i.ConsumerCoordinator - [Consumer clientId=consumer-movie-search-group-2, groupId=movie-search-group] Successfully synced group in generation Generation{generationId=19, memberId='consumer-movie-search-group-2-6b5a1ee1-48fb-4cf8-9e87-ee7b22c3065d', protocol='range'}
2026-04-08 23:03:57 [org.springframework.kafka.KafkaListenerEndpointContainer#1-0-C-1] INFO  o.a.k.c.c.i.ConsumerCoordinator - [Consumer clientId=consumer-movie-search-group-2, groupId=movie-search-group] Notifying assignor about the new Assignment(partitions=[movie.events-0])
2026-04-08 23:03:57 [org.springframework.kafka.KafkaListenerEndpointContainer#0-0-C-1] INFO  o.a.k.c.c.i.ConsumerCoordinator - [Consumer clientId=consumer-actor-search-group-1, groupId=actor-search-group] Adding newly assigned partitions: actor.events-0
2026-04-08 23:03:57 [org.springframework.kafka.KafkaListenerEndpointContainer#1-0-C-1] INFO  o.a.k.c.c.i.ConsumerCoordinator - [Consumer clientId=consumer-movie-search-group-2, groupId=movie-search-group] Adding newly assigned partitions: movie.events-0
2026-04-08 23:03:58 [org.springframework.kafka.KafkaListenerEndpointContainer#0-0-C-1] INFO  o.a.k.c.c.i.ConsumerCoordinator - [Consumer clientId=consumer-actor-search-group-1, groupId=actor-search-group] Setting offset for partition actor.events-0 to the committed offset FetchPosition{offset=29, offsetEpoch=Optional.empty, currentLeader=LeaderAndEpoch{leader=Optional[localhost:9092 (id: 1 rack: null)], epoch=0}}
2026-04-08 23:03:58 [org.springframework.kafka.KafkaListenerEndpointContainer#1-0-C-1] INFO  o.a.k.c.c.i.ConsumerCoordinator - [Consumer clientId=consumer-movie-search-group-2, groupId=movie-search-group] Setting offset for partition movie.events-0 to the committed offset FetchPosition{offset=11, offsetEpoch=Optional.empty, currentLeader=LeaderAndEpoch{leader=Optional[localhost:9092 (id: 1 rack: null)], epoch=0}}
2026-04-08 23:03:58 [org.springframework.kafka.KafkaListenerEndpointContainer#1-0-C-1] INFO  o.s.k.l.KafkaMessageListenerContainer - movie-search-group: partitions assigned: [movie.events-0]
2026-04-08 23:03:58 [org.springframework.kafka.KafkaListenerEndpointContainer#0-0-C-1] INFO  o.s.k.l.KafkaMessageListenerContainer - actor-search-group: partitions assigned: [actor.events-0]
2026-04-08 23:04:43 [nioEventLoopGroup-3-3] INFO  o.a.k.c.producer.ProducerConfig - ProducerConfig values: 
	acks = -1
	auto.include.jmx.reporter = true
	batch.size = 16384
	bootstrap.servers = [localhost:9092]
	buffer.memory = 33554432
	client.dns.lookup = use_all_dns_ips
	client.id = producer-1
	compression.type = none
	connections.max.idle.ms = 540000
	delivery.timeout.ms = 120000
	enable.idempotence = true
	interceptor.classes = []
	key.serializer = class org.apache.kafka.common.serialization.StringSerializer
	linger.ms = 0
	max.block.ms = 60000
	max.in.flight.requests.per.connection = 5
	max.request.size = 1048576
	metadata.max.age.ms = 300000
	metadata.max.idle.ms = 300000
	metric.reporters = []
	metrics.num.samples = 2
	metrics.recording.level = INFO
	metrics.sample.window.ms = 30000
	partitioner.adaptive.partitioning.enable = true
	partitioner.availability.timeout.ms = 0
	partitioner.class = null
	partitioner.ignore.keys = false
	receive.buffer.bytes = 32768
	reconnect.backoff.max.ms = 1000
	reconnect.backoff.ms = 50
	request.timeout.ms = 30000
	retries = 2147483647
	retry.backoff.ms = 100
	sasl.client.callback.handler.class = null
	sasl.jaas.config = null
	sasl.kerberos.kinit.cmd = /usr/bin/kinit
	sasl.kerberos.min.time.before.relogin = 60000
	sasl.kerberos.service.name = null
	sasl.kerberos.ticket.renew.jitter = 0.05
	sasl.kerberos.ticket.renew.window.factor = 0.8
	sasl.login.callback.handler.class = null
	sasl.login.class = null
	sasl.login.connect.timeout.ms = null
	sasl.login.read.timeout.ms = null
	sasl.login.refresh.buffer.seconds = 300
	sasl.login.refresh.min.period.seconds = 60
	sasl.login.refresh.window.factor = 0.8
	sasl.login.refresh.window.jitter = 0.05
	sasl.login.retry.backoff.max.ms = 10000
	sasl.login.retry.backoff.ms = 100
	sasl.mechanism = GSSAPI
	sasl.oauthbearer.clock.skew.seconds = 30
	sasl.oauthbearer.expected.audience = null
	sasl.oauthbearer.expected.issuer = null
	sasl.oauthbearer.jwks.endpoint.refresh.ms = 3600000
	sasl.oauthbearer.jwks.endpoint.retry.backoff.max.ms = 10000
	sasl.oauthbearer.jwks.endpoint.retry.backoff.ms = 100
	sasl.oauthbearer.jwks.endpoint.url = null
	sasl.oauthbearer.scope.claim.name = scope
	sasl.oauthbearer.sub.claim.name = sub
	sasl.oauthbearer.token.endpoint.url = null
	security.protocol = PLAINTEXT
	security.providers = null
	send.buffer.bytes = 131072
	socket.connection.setup.timeout.max.ms = 30000
	socket.connection.setup.timeout.ms = 10000
	ssl.cipher.suites = null
	ssl.enabled.protocols = [TLSv1.2, TLSv1.3]
	ssl.endpoint.identification.algorithm = https
	ssl.engine.factory.class = null
	ssl.key.password = null
	ssl.keymanager.algorithm = SunX509
	ssl.keystore.certificate.chain = null
	ssl.keystore.key = null
	ssl.keystore.location = null
	ssl.keystore.password = null
	ssl.keystore.type = JKS
	ssl.protocol = TLSv1.3
	ssl.provider = null
	ssl.secure.random.implementation = null
	ssl.trustmanager.algorithm = PKIX
	ssl.truststore.certificates = null
	ssl.truststore.location = null
	ssl.truststore.password = null
	ssl.truststore.type = JKS
	transaction.timeout.ms = 60000
	transactional.id = null
	value.serializer = class org.springframework.kafka.support.serializer.JsonSerializer

2026-04-08 23:04:43 [nioEventLoopGroup-3-3] INFO  o.a.k.clients.producer.KafkaProducer - [Producer clientId=producer-1] Instantiated an idempotent producer.
2026-04-08 23:04:43 [nioEventLoopGroup-3-3] INFO  o.a.kafka.common.utils.AppInfoParser - Kafka version: 3.6.2
2026-04-08 23:04:43 [nioEventLoopGroup-3-3] INFO  o.a.kafka.common.utils.AppInfoParser - Kafka commitId: c4deed513057c94e
2026-04-08 23:04:43 [nioEventLoopGroup-3-3] INFO  o.a.kafka.common.utils.AppInfoParser - Kafka startTimeMs: 1775675083217
2026-04-08 23:04:48 [kafka-producer-network-thread | producer-1] INFO  org.apache.kafka.clients.Metadata - [Producer clientId=producer-1] Cluster ID: gdZpHr3xQV2zE9BMy12-Hw
2026-04-08 23:04:48 [nioEventLoopGroup-3-3] INFO  c.e.m.producer.MovieProducer - Movie event sent
2026-04-08 23:04:50 [kafka-producer-network-thread | producer-1] INFO  o.a.k.c.p.i.TransactionManager - [Producer clientId=producer-1] ProducerId set to 3001 with epoch 0
2026-04-08 23:05:10 [I/O dispatcher 1] INFO  c.e.m.consumer.MovieConsumer - Movie created/updated: The Silent Widow
2026-04-08 23:07:30 [nioEventLoopGroup-3-4] INFO  c.e.m.producer.MovieProducer - Movie event sent
2026-04-08 23:07:47 [I/O dispatcher 1] INFO  c.e.m.consumer.MovieConsumer - Movie created/updated: Iron Legacy
2026-04-08 23:12:53 [org.springframework.kafka.KafkaListenerEndpointContainer#1-0-C-1] INFO  o.apache.kafka.clients.NetworkClient - [Consumer clientId=consumer-movie-search-group-2, groupId=movie-search-group] Node -1 disconnected.
2026-04-08 23:12:53 [org.springframework.kafka.KafkaListenerEndpointContainer#0-0-C-1] INFO  o.apache.kafka.clients.NetworkClient - [Consumer clientId=consumer-actor-search-group-1, groupId=actor-search-group] Node -1 disconnected.
2026-04-08 23:14:18 [kafka-producer-network-thread | producer-1] INFO  o.apache.kafka.clients.NetworkClient - [Producer clientId=producer-1] Node -1 disconnected.
2026-04-08 23:20:36 [background-preinit] INFO  o.h.validator.internal.util.Version - HV000001: Hibernate Validator 8.0.1.Final
2026-04-08 23:20:37 [main] INFO  c.ecommerce.application.Application - Starting Application using Java 17.0.15 with PID 7800 (C:\Users\99450\Desktop\JavaProj\ReactiveMovieHub\application\build\classes\java\main started by 99450 in C:\Users\99450\Desktop\JavaProj\ReactiveMovieHub)
2026-04-08 23:20:37 [main] INFO  c.ecommerce.application.Application - No active profile set, falling back to 1 default profile: "default"
2026-04-08 23:20:40 [main] INFO  o.s.d.r.c.RepositoryConfigurationDelegate - Multiple Spring Data modules found, entering strict repository configuration mode
2026-04-08 23:20:40 [main] INFO  o.s.d.r.c.RepositoryConfigurationDelegate - Bootstrapping Spring Data Reactive Elasticsearch repositories in DEFAULT mode.
2026-04-08 23:20:41 [main] INFO  o.s.d.r.c.RepositoryConfigurationDelegate - Finished Spring Data repository scanning in 1015 ms. Found 2 Reactive Elasticsearch repository interfaces.
2026-04-08 23:20:41 [main] INFO  o.s.d.r.c.RepositoryConfigurationDelegate - Multiple Spring Data modules found, entering strict repository configuration mode
2026-04-08 23:20:41 [main] INFO  o.s.d.r.c.RepositoryConfigurationDelegate - Bootstrapping Spring Data Reactive MongoDB repositories in DEFAULT mode.
2026-04-08 23:20:41 [main] INFO  o.s.d.r.c.RepositoryConfigurationDelegate - Finished Spring Data repository scanning in 65 ms. Found 4 Reactive MongoDB repository interfaces.
2026-04-08 23:20:42 [main] INFO  o.s.d.r.c.RepositoryConfigurationDelegate - Multiple Spring Data modules found, entering strict repository configuration mode
2026-04-08 23:20:42 [main] INFO  o.s.d.r.c.RepositoryConfigurationDelegate - Bootstrapping Spring Data Elasticsearch repositories in DEFAULT mode.
2026-04-08 23:20:43 [main] INFO  o.s.d.r.c.RepositoryConfigurationDelegate - Finished Spring Data repository scanning in 55 ms. Found 0 Elasticsearch repository interfaces.
2026-04-08 23:20:52 [main] INFO  org.mongodb.driver.client - MongoClient with metadata {"driver": {"name": "mongo-java-driver|reactive-streams|spring-boot", "version": "4.11.2"}, "os": {"type": "Windows", "name": "Windows 11", "architecture": "amd64", "version": "10.0"}, "platform": "Java/Amazon.com Inc./17.0.15+6-LTS"} created with settings MongoClientSettings{readPreference=primary, writeConcern=WriteConcern{w=null, wTimeout=null ms, journal=null}, retryWrites=true, retryReads=true, readConcern=ReadConcern{level=null}, credential=MongoCredential{mechanism=null, userName='admin', source='admin', password=<hidden>, mechanismProperties=<hidden>}, transportSettings=NettyTransportSettings{eventLoopGroup=io.netty.channel.nio.NioEventLoopGroup@48cdb156, socketChannelClass=null, allocator=null, sslContext=null}, streamFactoryFactory=null, commandListeners=[], codecRegistry=ProvidersCodecRegistry{codecProviders=[ValueCodecProvider{}, BsonValueCodecProvider{}, DBRefCodecProvider{}, DBObjectCodecProvider{}, DocumentCodecProvider{}, CollectionCodecProvider{}, IterableCodecProvider{}, MapCodecProvider{}, GeoJsonCodecProvider{}, GridFSFileCodecProvider{}, Jsr310CodecProvider{}, JsonObjectCodecProvider{}, BsonCodecProvider{}, EnumCodecProvider{}, com.mongodb.client.model.mql.ExpressionCodecProvider@4b4814d0, com.mongodb.Jep395RecordCodecProvider@4ae8fb2a, com.mongodb.KotlinCodecProvider@54326e9]}, loggerSettings=LoggerSettings{maxDocumentLength=1000}, clusterSettings={hosts=[localhost:27017], srvServiceName=mongodb, mode=SINGLE, requiredClusterType=UNKNOWN, requiredReplicaSetName='null', serverSelector='null', clusterListeners='[]', serverSelectionTimeout='1000000000 ms', localThreshold='15 ms'}, socketSettings=SocketSettings{connectTimeoutMS=10000, readTimeoutMS=2000000000, receiveBufferSize=0, proxySettings=ProxySettings{host=null, port=null, username=null, password=null}}, heartbeatSocketSettings=SocketSettings{connectTimeoutMS=10000, readTimeoutMS=10000, receiveBufferSize=0, proxySettings=ProxySettings{host=null, port=null, username=null, password=null}}, connectionPoolSettings=ConnectionPoolSettings{maxSize=100, minSize=0, maxWaitTimeMS=120000, maxConnectionLifeTimeMS=0, maxConnectionIdleTimeMS=0, maintenanceInitialDelayMS=0, maintenanceFrequencyMS=60000, connectionPoolListeners=[], maxConnecting=2}, serverSettings=ServerSettings{heartbeatFrequencyMS=10000, minHeartbeatFrequencyMS=500, serverListeners='[]', serverMonitorListeners='[]'}, sslSettings=SslSettings{enabled=false, invalidHostNameAllowed=false, context=null}, applicationName='null', compressorList=[], uuidRepresentation=JAVA_LEGACY, serverApi=null, autoEncryptionSettings=null, dnsClient=null, inetAddressResolver=null, contextProvider=null}
2026-04-08 23:21:04 [main] INFO  org.mongodb.driver.cluster - No server chosen by WritableServerSelector from cluster description ClusterDescription{type=UNKNOWN, connectionMode=SINGLE, serverDescriptions=[ServerDescription{address=localhost:27017, type=UNKNOWN, state=CONNECTING}]}. Waiting for 1000000000 ms before timing out
2026-04-08 23:21:05 [cluster-ClusterId{value='69d6aa939dfb8511e4c62414', description='null'}-localhost:27017] INFO  org.mongodb.driver.cluster - Exception in monitor thread while connecting to server localhost:27017
com.mongodb.MongoSocketReadTimeoutException: Timeout while receiving message
	at com.mongodb.connection.netty.NettyStream$InboundBufferHandler.exceptionCaught(NettyStream.java:441)
	at io.netty.channel.AbstractChannelHandlerContext.invokeExceptionCaught(AbstractChannelHandlerContext.java:346)
	at io.netty.channel.AbstractChannelHandlerContext.invokeExceptionCaught(AbstractChannelHandlerContext.java:325)
	at io.netty.channel.AbstractChannelHandlerContext.fireExceptionCaught(AbstractChannelHandlerContext.java:317)
	at com.mongodb.connection.netty.NettyStream$ReadTimeoutTask.run(NettyStream.java:573)
	at io.netty.util.concurrent.PromiseTask.runTask(PromiseTask.java:98)
	at io.netty.util.concurrent.ScheduledFutureTask.run(ScheduledFutureTask.java:153)
	at io.netty.util.concurrent.AbstractEventExecutor.runTask(AbstractEventExecutor.java:173)
	at io.netty.util.concurrent.AbstractEventExecutor.safeExecute(AbstractEventExecutor.java:166)
	at io.netty.util.concurrent.SingleThreadEventExecutor.runAllTasks(SingleThreadEventExecutor.java:470)
	at io.netty.channel.nio.NioEventLoop.run(NioEventLoop.java:569)
	at io.netty.util.concurrent.SingleThreadEventExecutor$4.run(SingleThreadEventExecutor.java:997)
	at io.netty.util.internal.ThreadExecutorMap$2.run(ThreadExecutorMap.java:74)
	at io.netty.util.concurrent.FastThreadLocalRunnable.run(FastThreadLocalRunnable.java:30)
	at java.base/java.lang.Thread.run(Thread.java:840)
Caused by: io.netty.handler.timeout.ReadTimeoutException: null
2026-04-08 23:21:05 [main] INFO  org.mongodb.driver.cluster - No server chosen by WritableServerSelector from cluster description ClusterDescription{type=UNKNOWN, connectionMode=SINGLE, serverDescriptions=[ServerDescription{address=localhost:27017, type=UNKNOWN, state=CONNECTING, exception={com.mongodb.MongoSocketReadTimeoutException: Timeout while receiving message}, caused by {io.netty.handler.timeout.ReadTimeoutException}}]}. Waiting for 1000000000 ms before timing out
2026-04-08 23:21:08 [main] INFO  org.mongodb.driver.cluster - No server chosen by WritableServerSelector from cluster description ClusterDescription{type=UNKNOWN, connectionMode=SINGLE, serverDescriptions=[ServerDescription{address=localhost:27017, type=UNKNOWN, state=CONNECTING, exception={com.mongodb.MongoSocketReadTimeoutException: Timeout while receiving message}, caused by {io.netty.handler.timeout.ReadTimeoutException}}]}. Waiting for 1000000000 ms before timing out
2026-04-08 23:21:13 [main] INFO  o.a.k.c.admin.AdminClientConfig - AdminClientConfig values: 
	auto.include.jmx.reporter = true
	bootstrap.servers = [localhost:9092]
	client.dns.lookup = use_all_dns_ips
	client.id = 
	connections.max.idle.ms = 300000
	default.api.timeout.ms = 60000
	metadata.max.age.ms = 300000
	metric.reporters = []
	metrics.num.samples = 2
	metrics.recording.level = INFO
	metrics.sample.window.ms = 30000
	receive.buffer.bytes = 65536
	reconnect.backoff.max.ms = 1000
	reconnect.backoff.ms = 50
	request.timeout.ms = 30000
	retries = 2147483647
	retry.backoff.ms = 100
	sasl.client.callback.handler.class = null
	sasl.jaas.config = null
	sasl.kerberos.kinit.cmd = /usr/bin/kinit
	sasl.kerberos.min.time.before.relogin = 60000
	sasl.kerberos.service.name = null
	sasl.kerberos.ticket.renew.jitter = 0.05
	sasl.kerberos.ticket.renew.window.factor = 0.8
	sasl.login.callback.handler.class = null
	sasl.login.class = null
	sasl.login.connect.timeout.ms = null
	sasl.login.read.timeout.ms = null
	sasl.login.refresh.buffer.seconds = 300
	sasl.login.refresh.min.period.seconds = 60
	sasl.login.refresh.window.factor = 0.8
	sasl.login.refresh.window.jitter = 0.05
	sasl.login.retry.backoff.max.ms = 10000
	sasl.login.retry.backoff.ms = 100
	sasl.mechanism = GSSAPI
	sasl.oauthbearer.clock.skew.seconds = 30
	sasl.oauthbearer.expected.audience = null
	sasl.oauthbearer.expected.issuer = null
	sasl.oauthbearer.jwks.endpoint.refresh.ms = 3600000
	sasl.oauthbearer.jwks.endpoint.retry.backoff.max.ms = 10000
	sasl.oauthbearer.jwks.endpoint.retry.backoff.ms = 100
	sasl.oauthbearer.jwks.endpoint.url = null
	sasl.oauthbearer.scope.claim.name = scope
	sasl.oauthbearer.sub.claim.name = sub
	sasl.oauthbearer.token.endpoint.url = null
	security.protocol = PLAINTEXT
	security.providers = null
	send.buffer.bytes = 131072
	socket.connection.setup.timeout.max.ms = 30000
	socket.connection.setup.timeout.ms = 10000
	ssl.cipher.suites = null
	ssl.enabled.protocols = [TLSv1.2, TLSv1.3]
	ssl.endpoint.identification.algorithm = https
	ssl.engine.factory.class = null
	ssl.key.password = null
	ssl.keymanager.algorithm = SunX509
	ssl.keystore.certificate.chain = null
	ssl.keystore.key = null
	ssl.keystore.location = null
	ssl.keystore.password = null
	ssl.keystore.type = JKS
	ssl.protocol = TLSv1.3
	ssl.provider = null
	ssl.secure.random.implementation = null
	ssl.trustmanager.algorithm = PKIX
	ssl.truststore.certificates = null
	ssl.truststore.location = null
	ssl.truststore.password = null
	ssl.truststore.type = JKS

2026-04-08 23:21:14 [main] INFO  o.a.kafka.common.utils.AppInfoParser - Kafka version: 3.6.2
2026-04-08 23:21:14 [main] INFO  o.a.kafka.common.utils.AppInfoParser - Kafka commitId: c4deed513057c94e
2026-04-08 23:21:14 [main] INFO  o.a.kafka.common.utils.AppInfoParser - Kafka startTimeMs: 1775676074014
2026-04-08 23:21:44 [kafka-admin-client-thread | adminclient-1] INFO  o.a.k.c.a.i.AdminMetadataManager - [AdminClient clientId=adminclient-1] Metadata update failed
org.apache.kafka.common.errors.TimeoutException: Timed out waiting to send the call. Call: fetchMetadata
2026-04-08 23:21:44 [main] ERROR o.s.kafka.core.KafkaAdmin - Could not configure topics
org.springframework.kafka.KafkaException: Timed out waiting to get existing topics
	at org.springframework.kafka.core.KafkaAdmin.lambda$checkPartitions$11(KafkaAdmin.java:520)
	at java.base/java.util.HashMap.forEach(HashMap.java:1421)
	at org.springframework.kafka.core.KafkaAdmin.checkPartitions(KafkaAdmin.java:499)
	at org.springframework.kafka.core.KafkaAdmin.addOrModifyTopicsIfNeeded(KafkaAdmin.java:392)
	at org.springframework.kafka.core.KafkaAdmin.initialize(KafkaAdmin.java:258)
	at org.springframework.kafka.core.KafkaAdmin.afterSingletonsInstantiated(KafkaAdmin.java:222)
	at org.springframework.beans.factory.support.DefaultListableBeanFactory.preInstantiateSingletons(DefaultListableBeanFactory.java:986)
	at org.springframework.context.support.AbstractApplicationContext.finishBeanFactoryInitialization(AbstractApplicationContext.java:962)
	at org.springframework.context.support.AbstractApplicationContext.refresh(AbstractApplicationContext.java:624)
	at org.springframework.boot.web.reactive.context.ReactiveWebServerApplicationContext.refresh(ReactiveWebServerApplicationContext.java:66)
	at org.springframework.boot.SpringApplication.refresh(SpringApplication.java:754)
	at org.springframework.boot.SpringApplication.refreshContext(SpringApplication.java:456)
	at org.springframework.boot.SpringApplication.run(SpringApplication.java:334)
	at org.springframework.boot.SpringApplication.run(SpringApplication.java:1354)
	at org.springframework.boot.SpringApplication.run(SpringApplication.java:1343)
	at com.ecommerce.application.Application.main(Application.java:14)
Caused by: java.util.concurrent.TimeoutException: null
	at java.base/java.util.concurrent.CompletableFuture.timedGet(CompletableFuture.java:1960)
	at java.base/java.util.concurrent.CompletableFuture.get(CompletableFuture.java:2095)
	at org.apache.kafka.common.internals.KafkaFutureImpl.get(KafkaFutureImpl.java:180)
	at org.springframework.kafka.core.KafkaAdmin.lambda$checkPartitions$11(KafkaAdmin.java:502)
	... 15 common frames omitted
2026-04-08 23:21:54 [kafka-admin-client-thread | adminclient-1] INFO  o.a.k.clients.admin.KafkaAdminClient - [AdminClient clientId=adminclient-1] Forcing a hard I/O thread shutdown. Requests in progress will be aborted.
2026-04-08 23:21:54 [kafka-admin-client-thread | adminclient-1] INFO  o.a.kafka.common.utils.AppInfoParser - App info kafka.admin.client for adminclient-1 unregistered
2026-04-08 23:21:54 [kafka-admin-client-thread | adminclient-1] INFO  o.a.k.c.a.i.AdminMetadataManager - [AdminClient clientId=adminclient-1] Metadata update failed
org.apache.kafka.common.errors.TimeoutException: Timed out waiting to send the call. Call: fetchMetadata
2026-04-08 23:21:54 [kafka-admin-client-thread | adminclient-1] INFO  o.a.k.clients.admin.KafkaAdminClient - [AdminClient clientId=adminclient-1] Timed out 2 remaining operation(s) during close.
2026-04-08 23:21:54 [kafka-admin-client-thread | adminclient-1] INFO  o.a.kafka.common.metrics.Metrics - Metrics scheduler closed
2026-04-08 23:21:54 [kafka-admin-client-thread | adminclient-1] INFO  o.a.kafka.common.metrics.Metrics - Closing reporter org.apache.kafka.common.metrics.JmxReporter
2026-04-08 23:21:54 [kafka-admin-client-thread | adminclient-1] INFO  o.a.kafka.common.metrics.Metrics - Metrics reporters closed
2026-04-08 23:21:54 [main] INFO  o.s.b.w.e.netty.NettyWebServer - Netty started on port 8080
2026-04-08 23:21:55 [main] INFO  o.a.k.c.consumer.ConsumerConfig - ConsumerConfig values: 
	allow.auto.create.topics = true
	auto.commit.interval.ms = 5000
	auto.include.jmx.reporter = true
	auto.offset.reset = latest
	bootstrap.servers = [localhost:9092]
	check.crcs = true
	client.dns.lookup = use_all_dns_ips
	client.id = consumer-actor-search-group-1
	client.rack = 
	connections.max.idle.ms = 540000
	default.api.timeout.ms = 60000
	enable.auto.commit = false
	exclude.internal.topics = true
	fetch.max.bytes = 52428800
	fetch.max.wait.ms = 500
	fetch.min.bytes = 1
	group.id = actor-search-group
	group.instance.id = null
	heartbeat.interval.ms = 3000
	interceptor.classes = []
	internal.leave.group.on.close = true
	internal.throw.on.fetch.stable.offset.unsupported = false
	isolation.level = read_uncommitted
	key.deserializer = class org.apache.kafka.common.serialization.StringDeserializer
	max.partition.fetch.bytes = 1048576
	max.poll.interval.ms = 300000
	max.poll.records = 500
	metadata.max.age.ms = 300000
	metric.reporters = []
	metrics.num.samples = 2
	metrics.recording.level = INFO
	metrics.sample.window.ms = 30000
	partition.assignment.strategy = [class org.apache.kafka.clients.consumer.RangeAssignor, class org.apache.kafka.clients.consumer.CooperativeStickyAssignor]
	receive.buffer.bytes = 65536
	reconnect.backoff.max.ms = 1000
	reconnect.backoff.ms = 50
	request.timeout.ms = 30000
	retry.backoff.ms = 100
	sasl.client.callback.handler.class = null
	sasl.jaas.config = null
	sasl.kerberos.kinit.cmd = /usr/bin/kinit
	sasl.kerberos.min.time.before.relogin = 60000
	sasl.kerberos.service.name = null
	sasl.kerberos.ticket.renew.jitter = 0.05
	sasl.kerberos.ticket.renew.window.factor = 0.8
	sasl.login.callback.handler.class = null
	sasl.login.class = null
	sasl.login.connect.timeout.ms = null
	sasl.login.read.timeout.ms = null
	sasl.login.refresh.buffer.seconds = 300
	sasl.login.refresh.min.period.seconds = 60
	sasl.login.refresh.window.factor = 0.8
	sasl.login.refresh.window.jitter = 0.05
	sasl.login.retry.backoff.max.ms = 10000
	sasl.login.retry.backoff.ms = 100
	sasl.mechanism = GSSAPI
	sasl.oauthbearer.clock.skew.seconds = 30
	sasl.oauthbearer.expected.audience = null
	sasl.oauthbearer.expected.issuer = null
	sasl.oauthbearer.jwks.endpoint.refresh.ms = 3600000
	sasl.oauthbearer.jwks.endpoint.retry.backoff.max.ms = 10000
	sasl.oauthbearer.jwks.endpoint.retry.backoff.ms = 100
	sasl.oauthbearer.jwks.endpoint.url = null
	sasl.oauthbearer.scope.claim.name = scope
	sasl.oauthbearer.sub.claim.name = sub
	sasl.oauthbearer.token.endpoint.url = null
	security.protocol = PLAINTEXT
	security.providers = null
	send.buffer.bytes = 131072
	session.timeout.ms = 45000
	socket.connection.setup.timeout.max.ms = 30000
	socket.connection.setup.timeout.ms = 10000
	ssl.cipher.suites = null
	ssl.enabled.protocols = [TLSv1.2, TLSv1.3]
	ssl.endpoint.identification.algorithm = https
	ssl.engine.factory.class = null
	ssl.key.password = null
	ssl.keymanager.algorithm = SunX509
	ssl.keystore.certificate.chain = null
	ssl.keystore.key = null
	ssl.keystore.location = null
	ssl.keystore.password = null
	ssl.keystore.type = JKS
	ssl.protocol = TLSv1.3
	ssl.provider = null
	ssl.secure.random.implementation = null
	ssl.trustmanager.algorithm = PKIX
	ssl.truststore.certificates = null
	ssl.truststore.location = null
	ssl.truststore.password = null
	ssl.truststore.type = JKS
	value.deserializer = class org.springframework.kafka.support.serializer.JsonDeserializer

2026-04-08 23:21:55 [main] INFO  o.a.kafka.common.utils.AppInfoParser - Kafka version: 3.6.2
2026-04-08 23:21:55 [main] INFO  o.a.kafka.common.utils.AppInfoParser - Kafka commitId: c4deed513057c94e
2026-04-08 23:21:55 [main] INFO  o.a.kafka.common.utils.AppInfoParser - Kafka startTimeMs: 1775676115969
2026-04-08 23:21:55 [main] INFO  o.s.k.c.DefaultKafkaConsumerFactory$ExtendedKafkaConsumer - [Consumer clientId=consumer-actor-search-group-1, groupId=actor-search-group] Subscribed to topic(s): actor.events
2026-04-08 23:21:56 [main] INFO  o.a.k.c.consumer.ConsumerConfig - ConsumerConfig values: 
	allow.auto.create.topics = true
	auto.commit.interval.ms = 5000
	auto.include.jmx.reporter = true
	auto.offset.reset = latest
	bootstrap.servers = [localhost:9092]
	check.crcs = true
	client.dns.lookup = use_all_dns_ips
	client.id = consumer-movie-search-group-2
	client.rack = 
	connections.max.idle.ms = 540000
	default.api.timeout.ms = 60000
	enable.auto.commit = false
	exclude.internal.topics = true
	fetch.max.bytes = 52428800
	fetch.max.wait.ms = 500
	fetch.min.bytes = 1
	group.id = movie-search-group
	group.instance.id = null
	heartbeat.interval.ms = 3000
	interceptor.classes = []
	internal.leave.group.on.close = true
	internal.throw.on.fetch.stable.offset.unsupported = false
	isolation.level = read_uncommitted
	key.deserializer = class org.apache.kafka.common.serialization.StringDeserializer
	max.partition.fetch.bytes = 1048576
	max.poll.interval.ms = 300000
	max.poll.records = 500
	metadata.max.age.ms = 300000
	metric.reporters = []
	metrics.num.samples = 2
	metrics.recording.level = INFO
	metrics.sample.window.ms = 30000
	partition.assignment.strategy = [class org.apache.kafka.clients.consumer.RangeAssignor, class org.apache.kafka.clients.consumer.CooperativeStickyAssignor]
	receive.buffer.bytes = 65536
	reconnect.backoff.max.ms = 1000
	reconnect.backoff.ms = 50
	request.timeout.ms = 30000
	retry.backoff.ms = 100
	sasl.client.callback.handler.class = null
	sasl.jaas.config = null
	sasl.kerberos.kinit.cmd = /usr/bin/kinit
	sasl.kerberos.min.time.before.relogin = 60000
	sasl.kerberos.service.name = null
	sasl.kerberos.ticket.renew.jitter = 0.05
	sasl.kerberos.ticket.renew.window.factor = 0.8
	sasl.login.callback.handler.class = null
	sasl.login.class = null
	sasl.login.connect.timeout.ms = null
	sasl.login.read.timeout.ms = null
	sasl.login.refresh.buffer.seconds = 300
	sasl.login.refresh.min.period.seconds = 60
	sasl.login.refresh.window.factor = 0.8
	sasl.login.refresh.window.jitter = 0.05
	sasl.login.retry.backoff.max.ms = 10000
	sasl.login.retry.backoff.ms = 100
	sasl.mechanism = GSSAPI
	sasl.oauthbearer.clock.skew.seconds = 30
	sasl.oauthbearer.expected.audience = null
	sasl.oauthbearer.expected.issuer = null
	sasl.oauthbearer.jwks.endpoint.refresh.ms = 3600000
	sasl.oauthbearer.jwks.endpoint.retry.backoff.max.ms = 10000
	sasl.oauthbearer.jwks.endpoint.retry.backoff.ms = 100
	sasl.oauthbearer.jwks.endpoint.url = null
	sasl.oauthbearer.scope.claim.name = scope
	sasl.oauthbearer.sub.claim.name = sub
	sasl.oauthbearer.token.endpoint.url = null
	security.protocol = PLAINTEXT
	security.providers = null
	send.buffer.bytes = 131072
	session.timeout.ms = 45000
	socket.connection.setup.timeout.max.ms = 30000
	socket.connection.setup.timeout.ms = 10000
	ssl.cipher.suites = null
	ssl.enabled.protocols = [TLSv1.2, TLSv1.3]
	ssl.endpoint.identification.algorithm = https
	ssl.engine.factory.class = null
	ssl.key.password = null
	ssl.keymanager.algorithm = SunX509
	ssl.keystore.certificate.chain = null
	ssl.keystore.key = null
	ssl.keystore.location = null
	ssl.keystore.password = null
	ssl.keystore.type = JKS
	ssl.protocol = TLSv1.3
	ssl.provider = null
	ssl.secure.random.implementation = null
	ssl.trustmanager.algorithm = PKIX
	ssl.truststore.certificates = null
	ssl.truststore.location = null
	ssl.truststore.password = null
	ssl.truststore.type = JKS
	value.deserializer = class org.springframework.kafka.support.serializer.JsonDeserializer

2026-04-08 23:21:56 [main] INFO  o.a.kafka.common.utils.AppInfoParser - Kafka version: 3.6.2
2026-04-08 23:21:56 [main] INFO  o.a.kafka.common.utils.AppInfoParser - Kafka commitId: c4deed513057c94e
2026-04-08 23:21:56 [main] INFO  o.a.kafka.common.utils.AppInfoParser - Kafka startTimeMs: 1775676116112
2026-04-08 23:21:56 [main] INFO  o.s.k.c.DefaultKafkaConsumerFactory$ExtendedKafkaConsumer - [Consumer clientId=consumer-movie-search-group-2, groupId=movie-search-group] Subscribed to topic(s): movie.events
2026-04-08 23:21:56 [main] INFO  c.ecommerce.application.Application - Started Application in 85.254 seconds (process running for 89.907)
2026-04-08 23:22:26 [org.springframework.kafka.KafkaListenerEndpointContainer#0-0-C-1] INFO  o.apache.kafka.clients.NetworkClient - [Consumer clientId=consumer-actor-search-group-1, groupId=actor-search-group] Disconnecting from node -1 due to request timeout.
2026-04-08 23:22:26 [org.springframework.kafka.KafkaListenerEndpointContainer#0-0-C-1] INFO  o.apache.kafka.clients.NetworkClient - [Consumer clientId=consumer-actor-search-group-1, groupId=actor-search-group] Cancelled in-flight API_VERSIONS request with correlation id 1 due to node -1 being disconnected (elapsed time since creation: 30040ms, elapsed time since send: 30040ms, request timeout: 30000ms)
2026-04-08 23:22:26 [org.springframework.kafka.KafkaListenerEndpointContainer#0-0-C-1] WARN  o.apache.kafka.clients.NetworkClient - [Consumer clientId=consumer-actor-search-group-1, groupId=actor-search-group] Bootstrap broker localhost:9092 (id: -1 rack: null) disconnected
2026-04-08 23:22:26 [org.springframework.kafka.KafkaListenerEndpointContainer#1-0-C-1] INFO  o.apache.kafka.clients.NetworkClient - [Consumer clientId=consumer-movie-search-group-2, groupId=movie-search-group] Disconnecting from node -1 due to request timeout.
2026-04-08 23:22:26 [org.springframework.kafka.KafkaListenerEndpointContainer#1-0-C-1] INFO  o.apache.kafka.clients.NetworkClient - [Consumer clientId=consumer-movie-search-group-2, groupId=movie-search-group] Cancelled in-flight API_VERSIONS request with correlation id 1 due to node -1 being disconnected (elapsed time since creation: 30043ms, elapsed time since send: 30043ms, request timeout: 30000ms)
2026-04-08 23:22:26 [org.springframework.kafka.KafkaListenerEndpointContainer#1-0-C-1] WARN  o.apache.kafka.clients.NetworkClient - [Consumer clientId=consumer-movie-search-group-2, groupId=movie-search-group] Bootstrap broker localhost:9092 (id: -1 rack: null) disconnected
2026-04-08 23:22:56 [org.springframework.kafka.KafkaListenerEndpointContainer#1-0-C-1] INFO  o.apache.kafka.clients.NetworkClient - [Consumer clientId=consumer-movie-search-group-2, groupId=movie-search-group] Disconnecting from node -1 due to request timeout.
2026-04-08 23:22:56 [org.springframework.kafka.KafkaListenerEndpointContainer#1-0-C-1] INFO  o.apache.kafka.clients.NetworkClient - [Consumer clientId=consumer-movie-search-group-2, groupId=movie-search-group] Cancelled in-flight API_VERSIONS request with correlation id 2 due to node -1 being disconnected (elapsed time since creation: 30058ms, elapsed time since send: 30058ms, request timeout: 30000ms)
2026-04-08 23:22:56 [org.springframework.kafka.KafkaListenerEndpointContainer#1-0-C-1] WARN  o.apache.kafka.clients.NetworkClient - [Consumer clientId=consumer-movie-search-group-2, groupId=movie-search-group] Bootstrap broker localhost:9092 (id: -1 rack: null) disconnected
2026-04-08 23:22:59 [org.springframework.kafka.KafkaListenerEndpointContainer#0-0-C-1] INFO  o.apache.kafka.clients.NetworkClient - [Consumer clientId=consumer-actor-search-group-1, groupId=actor-search-group] Disconnecting from node -1 due to request timeout.
2026-04-08 23:22:59 [org.springframework.kafka.KafkaListenerEndpointContainer#0-0-C-1] INFO  o.apache.kafka.clients.NetworkClient - [Consumer clientId=consumer-actor-search-group-1, groupId=actor-search-group] Cancelled in-flight API_VERSIONS request with correlation id 2 due to node -1 being disconnected (elapsed time since creation: 32965ms, elapsed time since send: 32965ms, request timeout: 30000ms)
2026-04-08 23:22:59 [org.springframework.kafka.KafkaListenerEndpointContainer#0-0-C-1] WARN  o.apache.kafka.clients.NetworkClient - [Consumer clientId=consumer-actor-search-group-1, groupId=actor-search-group] Bootstrap broker localhost:9092 (id: -1 rack: null) disconnected
2026-04-08 23:23:23 [reactor-http-nio-3] INFO  org.mongodb.driver.cluster - No server chosen by ReadPreferenceServerSelector{readPreference=primary} from cluster description ClusterDescription{type=UNKNOWN, connectionMode=SINGLE, serverDescriptions=[ServerDescription{address=localhost:27017, type=UNKNOWN, state=CONNECTING, exception={com.mongodb.MongoSocketReadTimeoutException: Timeout while receiving message}, caused by {io.netty.handler.timeout.ReadTimeoutException}}]}. Waiting for 1000000000 ms before timing out
2026-04-08 23:23:23 [reactor-http-nio-3] INFO  org.mongodb.driver.cluster - No server chosen by ReadPreferenceServerSelector{readPreference=primary} from cluster description ClusterDescription{type=UNKNOWN, connectionMode=SINGLE, serverDescriptions=[ServerDescription{address=localhost:27017, type=UNKNOWN, state=CONNECTING, exception={com.mongodb.MongoSocketReadTimeoutException: Timeout while receiving message}, caused by {io.netty.handler.timeout.ReadTimeoutException}}]}. Waiting for 1000000000 ms before timing out
2026-04-08 23:23:26 [org.springframework.kafka.KafkaListenerEndpointContainer#1-0-C-1] INFO  o.apache.kafka.clients.NetworkClient - [Consumer clientId=consumer-movie-search-group-2, groupId=movie-search-group] Disconnecting from node -1 due to request timeout.
2026-04-08 23:23:26 [org.springframework.kafka.KafkaListenerEndpointContainer#1-0-C-1] INFO  o.apache.kafka.clients.NetworkClient - [Consumer clientId=consumer-movie-search-group-2, groupId=movie-search-group] Cancelled in-flight API_VERSIONS request with correlation id 4 due to node -1 being disconnected (elapsed time since creation: 30061ms, elapsed time since send: 30061ms, request timeout: 30000ms)
2026-04-08 23:23:26 [org.springframework.kafka.KafkaListenerEndpointContainer#1-0-C-1] WARN  o.apache.kafka.clients.NetworkClient - [Consumer clientId=consumer-movie-search-group-2, groupId=movie-search-group] Bootstrap broker localhost:9092 (id: -1 rack: null) disconnected
2026-04-08 23:23:31 [org.springframework.kafka.KafkaListenerEndpointContainer#0-0-C-1] INFO  o.apache.kafka.clients.NetworkClient - [Consumer clientId=consumer-actor-search-group-1, groupId=actor-search-group] Disconnecting from node -1 due to request timeout.
2026-04-08 23:23:31 [org.springframework.kafka.KafkaListenerEndpointContainer#0-0-C-1] INFO  o.apache.kafka.clients.NetworkClient - [Consumer clientId=consumer-actor-search-group-1, groupId=actor-search-group] Cancelled in-flight API_VERSIONS request with correlation id 4 due to node -1 being disconnected (elapsed time since creation: 31926ms, elapsed time since send: 31926ms, request timeout: 30000ms)
2026-04-08 23:23:31 [org.springframework.kafka.KafkaListenerEndpointContainer#0-0-C-1] WARN  o.apache.kafka.clients.NetworkClient - [Consumer clientId=consumer-actor-search-group-1, groupId=actor-search-group] Bootstrap broker localhost:9092 (id: -1 rack: null) disconnected
2026-04-08 23:23:59 [org.springframework.kafka.KafkaListenerEndpointContainer#1-0-C-1] INFO  o.apache.kafka.clients.NetworkClient - [Consumer clientId=consumer-movie-search-group-2, groupId=movie-search-group] Disconnecting from node -1 due to request timeout.
2026-04-08 23:23:59 [org.springframework.kafka.KafkaListenerEndpointContainer#1-0-C-1] INFO  o.apache.kafka.clients.NetworkClient - [Consumer clientId=consumer-movie-search-group-2, groupId=movie-search-group] Cancelled in-flight API_VERSIONS request with correlation id 6 due to node -1 being disconnected (elapsed time since creation: 32825ms, elapsed time since send: 32825ms, request timeout: 30000ms)
2026-04-08 23:23:59 [org.springframework.kafka.KafkaListenerEndpointContainer#1-0-C-1] WARN  o.apache.kafka.clients.NetworkClient - [Consumer clientId=consumer-movie-search-group-2, groupId=movie-search-group] Bootstrap broker localhost:9092 (id: -1 rack: null) disconnected
2026-04-08 23:24:04 [org.springframework.kafka.KafkaListenerEndpointContainer#0-0-C-1] INFO  o.apache.kafka.clients.NetworkClient - [Consumer clientId=consumer-actor-search-group-1, groupId=actor-search-group] Disconnecting from node -1 due to request timeout.
2026-04-08 23:24:04 [org.springframework.kafka.KafkaListenerEndpointContainer#0-0-C-1] INFO  o.apache.kafka.clients.NetworkClient - [Consumer clientId=consumer-actor-search-group-1, groupId=actor-search-group] Cancelled in-flight API_VERSIONS request with correlation id 6 due to node -1 being disconnected (elapsed time since creation: 32864ms, elapsed time since send: 32864ms, request timeout: 30000ms)
2026-04-08 23:24:04 [org.springframework.kafka.KafkaListenerEndpointContainer#0-0-C-1] WARN  o.apache.kafka.clients.NetworkClient - [Consumer clientId=consumer-actor-search-group-1, groupId=actor-search-group] Bootstrap broker localhost:9092 (id: -1 rack: null) disconnected
2026-04-08 23:24:31 [org.springframework.kafka.KafkaListenerEndpointContainer#1-0-C-1] INFO  o.apache.kafka.clients.NetworkClient - [Consumer clientId=consumer-movie-search-group-2, groupId=movie-search-group] Disconnecting from node -1 due to request timeout.
2026-04-08 23:24:31 [org.springframework.kafka.KafkaListenerEndpointContainer#1-0-C-1] INFO  o.apache.kafka.clients.NetworkClient - [Consumer clientId=consumer-movie-search-group-2, groupId=movie-search-group] Cancelled in-flight API_VERSIONS request with correlation id 8 due to node -1 being disconnected (elapsed time since creation: 31696ms, elapsed time since send: 31696ms, request timeout: 30000ms)
2026-04-08 23:24:31 [org.springframework.kafka.KafkaListenerEndpointContainer#1-0-C-1] WARN  o.apache.kafka.clients.NetworkClient - [Consumer clientId=consumer-movie-search-group-2, groupId=movie-search-group] Bootstrap broker localhost:9092 (id: -1 rack: null) disconnected
2026-04-08 23:24:36 [org.springframework.kafka.KafkaListenerEndpointContainer#0-0-C-1] INFO  o.apache.kafka.clients.NetworkClient - [Consumer clientId=consumer-actor-search-group-1, groupId=actor-search-group] Disconnecting from node -1 due to request timeout.
2026-04-08 23:24:36 [org.springframework.kafka.KafkaListenerEndpointContainer#0-0-C-1] INFO  o.apache.kafka.clients.NetworkClient - [Consumer clientId=consumer-actor-search-group-1, groupId=actor-search-group] Cancelled in-flight API_VERSIONS request with correlation id 8 due to node -1 being disconnected (elapsed time since creation: 31806ms, elapsed time since send: 31806ms, request timeout: 30000ms)
2026-04-08 23:24:36 [org.springframework.kafka.KafkaListenerEndpointContainer#0-0-C-1] WARN  o.apache.kafka.clients.NetworkClient - [Consumer clientId=consumer-actor-search-group-1, groupId=actor-search-group] Bootstrap broker localhost:9092 (id: -1 rack: null) disconnected
2026-04-08 23:24:46 [org.springframework.kafka.KafkaListenerEndpointContainer#0-0-C-1] INFO  o.a.k.c.c.i.ConsumerCoordinator - [Consumer clientId=consumer-actor-search-group-1, groupId=actor-search-group] Resetting generation and member id due to: consumer pro-actively leaving the group
2026-04-08 23:24:46 [org.springframework.kafka.KafkaListenerEndpointContainer#0-0-C-1] INFO  o.a.k.c.c.i.ConsumerCoordinator - [Consumer clientId=consumer-actor-search-group-1, groupId=actor-search-group] Request joining group due to: consumer pro-actively leaving the group
2026-04-08 23:24:46 [org.springframework.kafka.KafkaListenerEndpointContainer#0-0-C-1] INFO  o.s.k.c.DefaultKafkaConsumerFactory$ExtendedKafkaConsumer - [Consumer clientId=consumer-actor-search-group-1, groupId=actor-search-group] Unsubscribed all topics or patterns and assigned partitions
2026-04-08 23:24:46 [org.springframework.kafka.KafkaListenerEndpointContainer#1-0-C-1] INFO  o.a.k.c.c.i.ConsumerCoordinator - [Consumer clientId=consumer-movie-search-group-2, groupId=movie-search-group] Resetting generation and member id due to: consumer pro-actively leaving the group
2026-04-08 23:24:46 [org.springframework.kafka.KafkaListenerEndpointContainer#1-0-C-1] INFO  o.a.k.c.c.i.ConsumerCoordinator - [Consumer clientId=consumer-movie-search-group-2, groupId=movie-search-group] Request joining group due to: consumer pro-actively leaving the group
2026-04-08 23:24:46 [org.springframework.kafka.KafkaListenerEndpointContainer#1-0-C-1] INFO  o.s.k.c.DefaultKafkaConsumerFactory$ExtendedKafkaConsumer - [Consumer clientId=consumer-movie-search-group-2, groupId=movie-search-group] Unsubscribed all topics or patterns and assigned partitions
2026-04-08 23:24:46 [org.springframework.kafka.KafkaListenerEndpointContainer#0-0-C-1] INFO  o.a.k.c.c.i.ConsumerCoordinator - [Consumer clientId=consumer-actor-search-group-1, groupId=actor-search-group] Resetting generation and member id due to: consumer pro-actively leaving the group
2026-04-08 23:24:46 [org.springframework.kafka.KafkaListenerEndpointContainer#1-0-C-1] INFO  o.a.k.c.c.i.ConsumerCoordinator - [Consumer clientId=consumer-movie-search-group-2, groupId=movie-search-group] Resetting generation and member id due to: consumer pro-actively leaving the group
2026-04-08 23:24:46 [org.springframework.kafka.KafkaListenerEndpointContainer#1-0-C-1] INFO  o.a.k.c.c.i.ConsumerCoordinator - [Consumer clientId=consumer-movie-search-group-2, groupId=movie-search-group] Request joining group due to: consumer pro-actively leaving the group
2026-04-08 23:24:46 [org.springframework.kafka.KafkaListenerEndpointContainer#0-0-C-1] INFO  o.a.k.c.c.i.ConsumerCoordinator - [Consumer clientId=consumer-actor-search-group-1, groupId=actor-search-group] Request joining group due to: consumer pro-actively leaving the group
2026-04-08 23:24:46 [org.springframework.kafka.KafkaListenerEndpointContainer#0-0-C-1] INFO  o.a.kafka.common.metrics.Metrics - Metrics scheduler closed
2026-04-08 23:24:46 [org.springframework.kafka.KafkaListenerEndpointContainer#1-0-C-1] INFO  o.a.kafka.common.metrics.Metrics - Metrics scheduler closed
2026-04-08 23:24:46 [org.springframework.kafka.KafkaListenerEndpointContainer#1-0-C-1] INFO  o.a.kafka.common.metrics.Metrics - Closing reporter org.apache.kafka.common.metrics.JmxReporter
2026-04-08 23:24:46 [org.springframework.kafka.KafkaListenerEndpointContainer#1-0-C-1] INFO  o.a.kafka.common.metrics.Metrics - Metrics reporters closed
2026-04-08 23:24:46 [org.springframework.kafka.KafkaListenerEndpointContainer#0-0-C-1] INFO  o.a.kafka.common.metrics.Metrics - Closing reporter org.apache.kafka.common.metrics.JmxReporter
2026-04-08 23:24:46 [org.springframework.kafka.KafkaListenerEndpointContainer#0-0-C-1] INFO  o.a.kafka.common.metrics.Metrics - Metrics reporters closed
2026-04-08 23:24:46 [org.springframework.kafka.KafkaListenerEndpointContainer#1-0-C-1] INFO  o.a.kafka.common.utils.AppInfoParser - App info kafka.consumer for consumer-movie-search-group-2 unregistered
2026-04-08 23:24:46 [org.springframework.kafka.KafkaListenerEndpointContainer#1-0-C-1] INFO  o.s.k.l.KafkaMessageListenerContainer - movie-search-group: Consumer stopped
2026-04-08 23:24:46 [org.springframework.kafka.KafkaListenerEndpointContainer#0-0-C-1] INFO  o.a.kafka.common.utils.AppInfoParser - App info kafka.consumer for consumer-actor-search-group-1 unregistered
2026-04-08 23:24:46 [org.springframework.kafka.KafkaListenerEndpointContainer#0-0-C-1] INFO  o.s.k.l.KafkaMessageListenerContainer - actor-search-group: Consumer stopped
2026-04-08 23:38:08 [background-preinit] INFO  o.h.validator.internal.util.Version - HV000001: Hibernate Validator 8.0.1.Final
2026-04-08 23:38:08 [main] INFO  c.ecommerce.application.Application - Starting Application using Java 17.0.15 with PID 7780 (C:\Users\99450\Desktop\JavaProj\ReactiveMovieHub\application\build\classes\java\main started by 99450 in C:\Users\99450\Desktop\JavaProj\ReactiveMovieHub)
2026-04-08 23:38:08 [main] INFO  c.ecommerce.application.Application - No active profile set, falling back to 1 default profile: "default"
2026-04-08 23:38:12 [main] INFO  o.s.d.r.c.RepositoryConfigurationDelegate - Multiple Spring Data modules found, entering strict repository configuration mode
2026-04-08 23:38:12 [main] INFO  o.s.d.r.c.RepositoryConfigurationDelegate - Bootstrapping Spring Data Reactive Elasticsearch repositories in DEFAULT mode.
2026-04-08 23:38:13 [main] INFO  o.s.d.r.c.RepositoryConfigurationDelegate - Finished Spring Data repository scanning in 954 ms. Found 2 Reactive Elasticsearch repository interfaces.
2026-04-08 23:38:13 [main] INFO  o.s.d.r.c.RepositoryConfigurationDelegate - Multiple Spring Data modules found, entering strict repository configuration mode
2026-04-08 23:38:13 [main] INFO  o.s.d.r.c.RepositoryConfigurationDelegate - Bootstrapping Spring Data Reactive MongoDB repositories in DEFAULT mode.
2026-04-08 23:38:13 [main] INFO  o.s.d.r.c.RepositoryConfigurationDelegate - Finished Spring Data repository scanning in 59 ms. Found 4 Reactive MongoDB repository interfaces.
2026-04-08 23:38:14 [main] INFO  o.s.d.r.c.RepositoryConfigurationDelegate - Multiple Spring Data modules found, entering strict repository configuration mode
2026-04-08 23:38:14 [main] INFO  o.s.d.r.c.RepositoryConfigurationDelegate - Bootstrapping Spring Data Elasticsearch repositories in DEFAULT mode.
2026-04-08 23:38:14 [main] INFO  o.s.d.r.c.RepositoryConfigurationDelegate - Finished Spring Data repository scanning in 48 ms. Found 0 Elasticsearch repository interfaces.
2026-04-08 23:38:19 [main] INFO  org.mongodb.driver.client - MongoClient with metadata {"driver": {"name": "mongo-java-driver|reactive-streams|spring-boot", "version": "4.11.2"}, "os": {"type": "Windows", "name": "Windows 11", "architecture": "amd64", "version": "10.0"}, "platform": "Java/Amazon.com Inc./17.0.15+6-LTS"} created with settings MongoClientSettings{readPreference=primary, writeConcern=WriteConcern{w=null, wTimeout=null ms, journal=null}, retryWrites=true, retryReads=true, readConcern=ReadConcern{level=null}, credential=MongoCredential{mechanism=null, userName='admin', source='admin', password=<hidden>, mechanismProperties=<hidden>}, transportSettings=NettyTransportSettings{eventLoopGroup=io.netty.channel.nio.NioEventLoopGroup@f559c74, socketChannelClass=null, allocator=null, sslContext=null}, streamFactoryFactory=null, commandListeners=[], codecRegistry=ProvidersCodecRegistry{codecProviders=[ValueCodecProvider{}, BsonValueCodecProvider{}, DBRefCodecProvider{}, DBObjectCodecProvider{}, DocumentCodecProvider{}, CollectionCodecProvider{}, IterableCodecProvider{}, MapCodecProvider{}, GeoJsonCodecProvider{}, GridFSFileCodecProvider{}, Jsr310CodecProvider{}, JsonObjectCodecProvider{}, BsonCodecProvider{}, EnumCodecProvider{}, com.mongodb.client.model.mql.ExpressionCodecProvider@63917fe1, com.mongodb.Jep395RecordCodecProvider@720f56e2, com.mongodb.KotlinCodecProvider@677349fb]}, loggerSettings=LoggerSettings{maxDocumentLength=1000}, clusterSettings={hosts=[localhost:27017], srvServiceName=mongodb, mode=SINGLE, requiredClusterType=UNKNOWN, requiredReplicaSetName='null', serverSelector='null', clusterListeners='[]', serverSelectionTimeout='1000000000 ms', localThreshold='15 ms'}, socketSettings=SocketSettings{connectTimeoutMS=10000, readTimeoutMS=2000000000, receiveBufferSize=0, proxySettings=ProxySettings{host=null, port=null, username=null, password=null}}, heartbeatSocketSettings=SocketSettings{connectTimeoutMS=10000, readTimeoutMS=10000, receiveBufferSize=0, proxySettings=ProxySettings{host=null, port=null, username=null, password=null}}, connectionPoolSettings=ConnectionPoolSettings{maxSize=100, minSize=0, maxWaitTimeMS=120000, maxConnectionLifeTimeMS=0, maxConnectionIdleTimeMS=0, maintenanceInitialDelayMS=0, maintenanceFrequencyMS=60000, connectionPoolListeners=[], maxConnecting=2}, serverSettings=ServerSettings{heartbeatFrequencyMS=10000, minHeartbeatFrequencyMS=500, serverListeners='[]', serverMonitorListeners='[]'}, sslSettings=SslSettings{enabled=false, invalidHostNameAllowed=false, context=null}, applicationName='null', compressorList=[], uuidRepresentation=JAVA_LEGACY, serverApi=null, autoEncryptionSettings=null, dnsClient=null, inetAddressResolver=null, contextProvider=null}
2026-04-08 23:38:21 [cluster-ClusterId{value='69d6aeab4c9673065ef95299', description='null'}-localhost:27017] INFO  org.mongodb.driver.cluster - Monitor thread successfully connected to server with description ServerDescription{address=localhost:27017, type=STANDALONE, state=CONNECTED, ok=true, minWireVersion=0, maxWireVersion=27, maxDocumentSize=16777216, logicalSessionTimeoutMinutes=30, roundTripTimeNanos=579259100}
2026-04-08 23:38:29 [main] INFO  o.a.k.c.admin.AdminClientConfig - AdminClientConfig values: 
	auto.include.jmx.reporter = true
	bootstrap.servers = [localhost:9092]
	client.dns.lookup = use_all_dns_ips
	client.id = 
	connections.max.idle.ms = 300000
	default.api.timeout.ms = 60000
	metadata.max.age.ms = 300000
	metric.reporters = []
	metrics.num.samples = 2
	metrics.recording.level = INFO
	metrics.sample.window.ms = 30000
	receive.buffer.bytes = 65536
	reconnect.backoff.max.ms = 1000
	reconnect.backoff.ms = 50
	request.timeout.ms = 30000
	retries = 2147483647
	retry.backoff.ms = 100
	sasl.client.callback.handler.class = null
	sasl.jaas.config = null
	sasl.kerberos.kinit.cmd = /usr/bin/kinit
	sasl.kerberos.min.time.before.relogin = 60000
	sasl.kerberos.service.name = null
	sasl.kerberos.ticket.renew.jitter = 0.05
	sasl.kerberos.ticket.renew.window.factor = 0.8
	sasl.login.callback.handler.class = null
	sasl.login.class = null
	sasl.login.connect.timeout.ms = null
	sasl.login.read.timeout.ms = null
	sasl.login.refresh.buffer.seconds = 300
	sasl.login.refresh.min.period.seconds = 60
	sasl.login.refresh.window.factor = 0.8
	sasl.login.refresh.window.jitter = 0.05
	sasl.login.retry.backoff.max.ms = 10000
	sasl.login.retry.backoff.ms = 100
	sasl.mechanism = GSSAPI
	sasl.oauthbearer.clock.skew.seconds = 30
	sasl.oauthbearer.expected.audience = null
	sasl.oauthbearer.expected.issuer = null
	sasl.oauthbearer.jwks.endpoint.refresh.ms = 3600000
	sasl.oauthbearer.jwks.endpoint.retry.backoff.max.ms = 10000
	sasl.oauthbearer.jwks.endpoint.retry.backoff.ms = 100
	sasl.oauthbearer.jwks.endpoint.url = null
	sasl.oauthbearer.scope.claim.name = scope
	sasl.oauthbearer.sub.claim.name = sub
	sasl.oauthbearer.token.endpoint.url = null
	security.protocol = PLAINTEXT
	security.providers = null
	send.buffer.bytes = 131072
	socket.connection.setup.timeout.max.ms = 30000
	socket.connection.setup.timeout.ms = 10000
	ssl.cipher.suites = null
	ssl.enabled.protocols = [TLSv1.2, TLSv1.3]
	ssl.endpoint.identification.algorithm = https
	ssl.engine.factory.class = null
	ssl.key.password = null
	ssl.keymanager.algorithm = SunX509
	ssl.keystore.certificate.chain = null
	ssl.keystore.key = null
	ssl.keystore.location = null
	ssl.keystore.password = null
	ssl.keystore.type = JKS
	ssl.protocol = TLSv1.3
	ssl.provider = null
	ssl.secure.random.implementation = null
	ssl.trustmanager.algorithm = PKIX
	ssl.truststore.certificates = null
	ssl.truststore.location = null
	ssl.truststore.password = null
	ssl.truststore.type = JKS

2026-04-08 23:38:30 [main] INFO  o.a.kafka.common.utils.AppInfoParser - Kafka version: 3.6.2
2026-04-08 23:38:30 [main] INFO  o.a.kafka.common.utils.AppInfoParser - Kafka commitId: c4deed513057c94e
2026-04-08 23:38:30 [main] INFO  o.a.kafka.common.utils.AppInfoParser - Kafka startTimeMs: 1775677110233
2026-04-08 23:38:34 [kafka-admin-client-thread | adminclient-1] INFO  o.a.kafka.common.utils.AppInfoParser - App info kafka.admin.client for adminclient-1 unregistered
2026-04-08 23:38:34 [kafka-admin-client-thread | adminclient-1] INFO  o.a.kafka.common.metrics.Metrics - Metrics scheduler closed
2026-04-08 23:38:34 [kafka-admin-client-thread | adminclient-1] INFO  o.a.kafka.common.metrics.Metrics - Closing reporter org.apache.kafka.common.metrics.JmxReporter
2026-04-08 23:38:34 [kafka-admin-client-thread | adminclient-1] INFO  o.a.kafka.common.metrics.Metrics - Metrics reporters closed
2026-04-08 23:38:34 [main] INFO  o.s.b.w.e.netty.NettyWebServer - Netty started on port 8080
2026-04-08 23:38:34 [main] INFO  o.a.k.c.consumer.ConsumerConfig - ConsumerConfig values: 
	allow.auto.create.topics = true
	auto.commit.interval.ms = 5000
	auto.include.jmx.reporter = true
	auto.offset.reset = latest
	bootstrap.servers = [localhost:9092]
	check.crcs = true
	client.dns.lookup = use_all_dns_ips
	client.id = consumer-actor-search-group-1
	client.rack = 
	connections.max.idle.ms = 540000
	default.api.timeout.ms = 60000
	enable.auto.commit = false
	exclude.internal.topics = true
	fetch.max.bytes = 52428800
	fetch.max.wait.ms = 500
	fetch.min.bytes = 1
	group.id = actor-search-group
	group.instance.id = null
	heartbeat.interval.ms = 3000
	interceptor.classes = []
	internal.leave.group.on.close = true
	internal.throw.on.fetch.stable.offset.unsupported = false
	isolation.level = read_uncommitted
	key.deserializer = class org.apache.kafka.common.serialization.StringDeserializer
	max.partition.fetch.bytes = 1048576
	max.poll.interval.ms = 300000
	max.poll.records = 500
	metadata.max.age.ms = 300000
	metric.reporters = []
	metrics.num.samples = 2
	metrics.recording.level = INFO
	metrics.sample.window.ms = 30000
	partition.assignment.strategy = [class org.apache.kafka.clients.consumer.RangeAssignor, class org.apache.kafka.clients.consumer.CooperativeStickyAssignor]
	receive.buffer.bytes = 65536
	reconnect.backoff.max.ms = 1000
	reconnect.backoff.ms = 50
	request.timeout.ms = 30000
	retry.backoff.ms = 100
	sasl.client.callback.handler.class = null
	sasl.jaas.config = null
	sasl.kerberos.kinit.cmd = /usr/bin/kinit
	sasl.kerberos.min.time.before.relogin = 60000
	sasl.kerberos.service.name = null
	sasl.kerberos.ticket.renew.jitter = 0.05
	sasl.kerberos.ticket.renew.window.factor = 0.8
	sasl.login.callback.handler.class = null
	sasl.login.class = null
	sasl.login.connect.timeout.ms = null
	sasl.login.read.timeout.ms = null
	sasl.login.refresh.buffer.seconds = 300
	sasl.login.refresh.min.period.seconds = 60
	sasl.login.refresh.window.factor = 0.8
	sasl.login.refresh.window.jitter = 0.05
	sasl.login.retry.backoff.max.ms = 10000
	sasl.login.retry.backoff.ms = 100
	sasl.mechanism = GSSAPI
	sasl.oauthbearer.clock.skew.seconds = 30
	sasl.oauthbearer.expected.audience = null
	sasl.oauthbearer.expected.issuer = null
	sasl.oauthbearer.jwks.endpoint.refresh.ms = 3600000
	sasl.oauthbearer.jwks.endpoint.retry.backoff.max.ms = 10000
	sasl.oauthbearer.jwks.endpoint.retry.backoff.ms = 100
	sasl.oauthbearer.jwks.endpoint.url = null
	sasl.oauthbearer.scope.claim.name = scope
	sasl.oauthbearer.sub.claim.name = sub
	sasl.oauthbearer.token.endpoint.url = null
	security.protocol = PLAINTEXT
	security.providers = null
	send.buffer.bytes = 131072
	session.timeout.ms = 45000
	socket.connection.setup.timeout.max.ms = 30000
	socket.connection.setup.timeout.ms = 10000
	ssl.cipher.suites = null
	ssl.enabled.protocols = [TLSv1.2, TLSv1.3]
	ssl.endpoint.identification.algorithm = https
	ssl.engine.factory.class = null
	ssl.key.password = null
	ssl.keymanager.algorithm = SunX509
	ssl.keystore.certificate.chain = null
	ssl.keystore.key = null
	ssl.keystore.location = null
	ssl.keystore.password = null
	ssl.keystore.type = JKS
	ssl.protocol = TLSv1.3
	ssl.provider = null
	ssl.secure.random.implementation = null
	ssl.trustmanager.algorithm = PKIX
	ssl.truststore.certificates = null
	ssl.truststore.location = null
	ssl.truststore.password = null
	ssl.truststore.type = JKS
	value.deserializer = class org.springframework.kafka.support.serializer.JsonDeserializer

2026-04-08 23:38:35 [main] INFO  o.a.kafka.common.utils.AppInfoParser - Kafka version: 3.6.2
2026-04-08 23:38:35 [main] INFO  o.a.kafka.common.utils.AppInfoParser - Kafka commitId: c4deed513057c94e
2026-04-08 23:38:35 [main] INFO  o.a.kafka.common.utils.AppInfoParser - Kafka startTimeMs: 1775677115275
2026-04-08 23:38:35 [main] INFO  o.s.k.c.DefaultKafkaConsumerFactory$ExtendedKafkaConsumer - [Consumer clientId=consumer-actor-search-group-1, groupId=actor-search-group] Subscribed to topic(s): actor.events
2026-04-08 23:38:35 [main] INFO  o.a.k.c.consumer.ConsumerConfig - ConsumerConfig values: 
	allow.auto.create.topics = true
	auto.commit.interval.ms = 5000
	auto.include.jmx.reporter = true
	auto.offset.reset = latest
	bootstrap.servers = [localhost:9092]
	check.crcs = true
	client.dns.lookup = use_all_dns_ips
	client.id = consumer-movie-search-group-2
	client.rack = 
	connections.max.idle.ms = 540000
	default.api.timeout.ms = 60000
	enable.auto.commit = false
	exclude.internal.topics = true
	fetch.max.bytes = 52428800
	fetch.max.wait.ms = 500
	fetch.min.bytes = 1
	group.id = movie-search-group
	group.instance.id = null
	heartbeat.interval.ms = 3000
	interceptor.classes = []
	internal.leave.group.on.close = true
	internal.throw.on.fetch.stable.offset.unsupported = false
	isolation.level = read_uncommitted
	key.deserializer = class org.apache.kafka.common.serialization.StringDeserializer
	max.partition.fetch.bytes = 1048576
	max.poll.interval.ms = 300000
	max.poll.records = 500
	metadata.max.age.ms = 300000
	metric.reporters = []
	metrics.num.samples = 2
	metrics.recording.level = INFO
	metrics.sample.window.ms = 30000
	partition.assignment.strategy = [class org.apache.kafka.clients.consumer.RangeAssignor, class org.apache.kafka.clients.consumer.CooperativeStickyAssignor]
	receive.buffer.bytes = 65536
	reconnect.backoff.max.ms = 1000
	reconnect.backoff.ms = 50
	request.timeout.ms = 30000
	retry.backoff.ms = 100
	sasl.client.callback.handler.class = null
	sasl.jaas.config = null
	sasl.kerberos.kinit.cmd = /usr/bin/kinit
	sasl.kerberos.min.time.before.relogin = 60000
	sasl.kerberos.service.name = null
	sasl.kerberos.ticket.renew.jitter = 0.05
	sasl.kerberos.ticket.renew.window.factor = 0.8
	sasl.login.callback.handler.class = null
	sasl.login.class = null
	sasl.login.connect.timeout.ms = null
	sasl.login.read.timeout.ms = null
	sasl.login.refresh.buffer.seconds = 300
	sasl.login.refresh.min.period.seconds = 60
	sasl.login.refresh.window.factor = 0.8
	sasl.login.refresh.window.jitter = 0.05
	sasl.login.retry.backoff.max.ms = 10000
	sasl.login.retry.backoff.ms = 100
	sasl.mechanism = GSSAPI
	sasl.oauthbearer.clock.skew.seconds = 30
	sasl.oauthbearer.expected.audience = null
	sasl.oauthbearer.expected.issuer = null
	sasl.oauthbearer.jwks.endpoint.refresh.ms = 3600000
	sasl.oauthbearer.jwks.endpoint.retry.backoff.max.ms = 10000
	sasl.oauthbearer.jwks.endpoint.retry.backoff.ms = 100
	sasl.oauthbearer.jwks.endpoint.url = null
	sasl.oauthbearer.scope.claim.name = scope
	sasl.oauthbearer.sub.claim.name = sub
	sasl.oauthbearer.token.endpoint.url = null
	security.protocol = PLAINTEXT
	security.providers = null
	send.buffer.bytes = 131072
	session.timeout.ms = 45000
	socket.connection.setup.timeout.max.ms = 30000
	socket.connection.setup.timeout.ms = 10000
	ssl.cipher.suites = null
	ssl.enabled.protocols = [TLSv1.2, TLSv1.3]
	ssl.endpoint.identification.algorithm = https
	ssl.engine.factory.class = null
	ssl.key.password = null
	ssl.keymanager.algorithm = SunX509
	ssl.keystore.certificate.chain = null
	ssl.keystore.key = null
	ssl.keystore.location = null
	ssl.keystore.password = null
	ssl.keystore.type = JKS
	ssl.protocol = TLSv1.3
	ssl.provider = null
	ssl.secure.random.implementation = null
	ssl.trustmanager.algorithm = PKIX
	ssl.truststore.certificates = null
	ssl.truststore.location = null
	ssl.truststore.password = null
	ssl.truststore.type = JKS
	value.deserializer = class org.springframework.kafka.support.serializer.JsonDeserializer

2026-04-08 23:38:35 [main] INFO  o.a.kafka.common.utils.AppInfoParser - Kafka version: 3.6.2
2026-04-08 23:38:35 [main] INFO  o.a.kafka.common.utils.AppInfoParser - Kafka commitId: c4deed513057c94e
2026-04-08 23:38:35 [main] INFO  o.a.kafka.common.utils.AppInfoParser - Kafka startTimeMs: 1775677115347
2026-04-08 23:38:35 [main] INFO  o.s.k.c.DefaultKafkaConsumerFactory$ExtendedKafkaConsumer - [Consumer clientId=consumer-movie-search-group-2, groupId=movie-search-group] Subscribed to topic(s): movie.events
2026-04-08 23:38:35 [main] INFO  c.ecommerce.application.Application - Started Application in 33.535 seconds (process running for 40.121)
2026-04-08 23:38:35 [org.springframework.kafka.KafkaListenerEndpointContainer#1-0-C-1] INFO  org.apache.kafka.clients.Metadata - [Consumer clientId=consumer-movie-search-group-2, groupId=movie-search-group] Cluster ID: gdZpHr3xQV2zE9BMy12-Hw
2026-04-08 23:38:35 [org.springframework.kafka.KafkaListenerEndpointContainer#0-0-C-1] INFO  org.apache.kafka.clients.Metadata - [Consumer clientId=consumer-actor-search-group-1, groupId=actor-search-group] Cluster ID: gdZpHr3xQV2zE9BMy12-Hw
2026-04-08 23:38:35 [org.springframework.kafka.KafkaListenerEndpointContainer#0-0-C-1] INFO  o.a.k.c.c.i.ConsumerCoordinator - [Consumer clientId=consumer-actor-search-group-1, groupId=actor-search-group] Discovered group coordinator localhost:9092 (id: 2147483646 rack: null)
2026-04-08 23:38:35 [org.springframework.kafka.KafkaListenerEndpointContainer#1-0-C-1] INFO  o.a.k.c.c.i.ConsumerCoordinator - [Consumer clientId=consumer-movie-search-group-2, groupId=movie-search-group] Discovered group coordinator localhost:9092 (id: 2147483646 rack: null)
2026-04-08 23:38:35 [org.springframework.kafka.KafkaListenerEndpointContainer#0-0-C-1] INFO  o.a.k.c.c.i.ConsumerCoordinator - [Consumer clientId=consumer-actor-search-group-1, groupId=actor-search-group] (Re-)joining group
2026-04-08 23:38:35 [org.springframework.kafka.KafkaListenerEndpointContainer#1-0-C-1] INFO  o.a.k.c.c.i.ConsumerCoordinator - [Consumer clientId=consumer-movie-search-group-2, groupId=movie-search-group] (Re-)joining group
2026-04-08 23:38:36 [org.springframework.kafka.KafkaListenerEndpointContainer#0-0-C-1] INFO  o.a.k.c.c.i.ConsumerCoordinator - [Consumer clientId=consumer-actor-search-group-1, groupId=actor-search-group] Request joining group due to: need to re-join with the given member-id: consumer-actor-search-group-1-874c7ed4-40cf-4cd4-824d-d8440ca7fdf5
2026-04-08 23:38:36 [org.springframework.kafka.KafkaListenerEndpointContainer#0-0-C-1] INFO  o.a.k.c.c.i.ConsumerCoordinator - [Consumer clientId=consumer-actor-search-group-1, groupId=actor-search-group] Request joining group due to: rebalance failed due to 'The group member needs to have a valid member id before actually entering a consumer group.' (MemberIdRequiredException)
2026-04-08 23:38:36 [org.springframework.kafka.KafkaListenerEndpointContainer#0-0-C-1] INFO  o.a.k.c.c.i.ConsumerCoordinator - [Consumer clientId=consumer-actor-search-group-1, groupId=actor-search-group] (Re-)joining group
2026-04-08 23:38:36 [org.springframework.kafka.KafkaListenerEndpointContainer#1-0-C-1] INFO  o.a.k.c.c.i.ConsumerCoordinator - [Consumer clientId=consumer-movie-search-group-2, groupId=movie-search-group] Request joining group due to: need to re-join with the given member-id: consumer-movie-search-group-2-07c78808-470e-4e58-807c-dc8bb396a0bb
2026-04-08 23:38:36 [org.springframework.kafka.KafkaListenerEndpointContainer#1-0-C-1] INFO  o.a.k.c.c.i.ConsumerCoordinator - [Consumer clientId=consumer-movie-search-group-2, groupId=movie-search-group] Request joining group due to: rebalance failed due to 'The group member needs to have a valid member id before actually entering a consumer group.' (MemberIdRequiredException)
2026-04-08 23:38:36 [org.springframework.kafka.KafkaListenerEndpointContainer#1-0-C-1] INFO  o.a.k.c.c.i.ConsumerCoordinator - [Consumer clientId=consumer-movie-search-group-2, groupId=movie-search-group] (Re-)joining group
2026-04-08 23:38:39 [org.springframework.kafka.KafkaListenerEndpointContainer#0-0-C-1] INFO  o.a.k.c.c.i.ConsumerCoordinator - [Consumer clientId=consumer-actor-search-group-1, groupId=actor-search-group] Successfully joined group with generation Generation{generationId=19, memberId='consumer-actor-search-group-1-874c7ed4-40cf-4cd4-824d-d8440ca7fdf5', protocol='range'}
2026-04-08 23:38:39 [org.springframework.kafka.KafkaListenerEndpointContainer#0-0-C-1] INFO  o.a.k.c.c.i.ConsumerCoordinator - [Consumer clientId=consumer-actor-search-group-1, groupId=actor-search-group] Finished assignment for group at generation 19: {consumer-actor-search-group-1-874c7ed4-40cf-4cd4-824d-d8440ca7fdf5=Assignment(partitions=[actor.events-0])}
2026-04-08 23:38:39 [org.springframework.kafka.KafkaListenerEndpointContainer#1-0-C-1] INFO  o.a.k.c.c.i.ConsumerCoordinator - [Consumer clientId=consumer-movie-search-group-2, groupId=movie-search-group] Successfully joined group with generation Generation{generationId=21, memberId='consumer-movie-search-group-2-07c78808-470e-4e58-807c-dc8bb396a0bb', protocol='range'}
2026-04-08 23:38:39 [org.springframework.kafka.KafkaListenerEndpointContainer#1-0-C-1] INFO  o.a.k.c.c.i.ConsumerCoordinator - [Consumer clientId=consumer-movie-search-group-2, groupId=movie-search-group] Finished assignment for group at generation 21: {consumer-movie-search-group-2-07c78808-470e-4e58-807c-dc8bb396a0bb=Assignment(partitions=[movie.events-0])}
2026-04-08 23:38:40 [org.springframework.kafka.KafkaListenerEndpointContainer#0-0-C-1] INFO  o.a.k.c.c.i.ConsumerCoordinator - [Consumer clientId=consumer-actor-search-group-1, groupId=actor-search-group] Successfully synced group in generation Generation{generationId=19, memberId='consumer-actor-search-group-1-874c7ed4-40cf-4cd4-824d-d8440ca7fdf5', protocol='range'}
2026-04-08 23:38:40 [org.springframework.kafka.KafkaListenerEndpointContainer#0-0-C-1] INFO  o.a.k.c.c.i.ConsumerCoordinator - [Consumer clientId=consumer-actor-search-group-1, groupId=actor-search-group] Notifying assignor about the new Assignment(partitions=[actor.events-0])
2026-04-08 23:38:40 [org.springframework.kafka.KafkaListenerEndpointContainer#1-0-C-1] INFO  o.a.k.c.c.i.ConsumerCoordinator - [Consumer clientId=consumer-movie-search-group-2, groupId=movie-search-group] Successfully synced group in generation Generation{generationId=21, memberId='consumer-movie-search-group-2-07c78808-470e-4e58-807c-dc8bb396a0bb', protocol='range'}
2026-04-08 23:38:40 [org.springframework.kafka.KafkaListenerEndpointContainer#1-0-C-1] INFO  o.a.k.c.c.i.ConsumerCoordinator - [Consumer clientId=consumer-movie-search-group-2, groupId=movie-search-group] Notifying assignor about the new Assignment(partitions=[movie.events-0])
2026-04-08 23:38:40 [org.springframework.kafka.KafkaListenerEndpointContainer#1-0-C-1] INFO  o.a.k.c.c.i.ConsumerCoordinator - [Consumer clientId=consumer-movie-search-group-2, groupId=movie-search-group] Adding newly assigned partitions: movie.events-0
2026-04-08 23:38:40 [org.springframework.kafka.KafkaListenerEndpointContainer#0-0-C-1] INFO  o.a.k.c.c.i.ConsumerCoordinator - [Consumer clientId=consumer-actor-search-group-1, groupId=actor-search-group] Adding newly assigned partitions: actor.events-0
2026-04-08 23:38:41 [org.springframework.kafka.KafkaListenerEndpointContainer#0-0-C-1] INFO  o.a.k.c.c.i.ConsumerCoordinator - [Consumer clientId=consumer-actor-search-group-1, groupId=actor-search-group] Setting offset for partition actor.events-0 to the committed offset FetchPosition{offset=29, offsetEpoch=Optional.empty, currentLeader=LeaderAndEpoch{leader=Optional[localhost:9092 (id: 1 rack: null)], epoch=0}}
2026-04-08 23:38:41 [org.springframework.kafka.KafkaListenerEndpointContainer#0-0-C-1] INFO  o.s.k.l.KafkaMessageListenerContainer - actor-search-group: partitions assigned: [actor.events-0]
2026-04-08 23:38:41 [org.springframework.kafka.KafkaListenerEndpointContainer#1-0-C-1] INFO  o.a.k.c.c.i.ConsumerCoordinator - [Consumer clientId=consumer-movie-search-group-2, groupId=movie-search-group] Setting offset for partition movie.events-0 to the committed offset FetchPosition{offset=13, offsetEpoch=Optional.empty, currentLeader=LeaderAndEpoch{leader=Optional[localhost:9092 (id: 1 rack: null)], epoch=0}}
2026-04-08 23:38:41 [org.springframework.kafka.KafkaListenerEndpointContainer#1-0-C-1] INFO  o.s.k.l.KafkaMessageListenerContainer - movie-search-group: partitions assigned: [movie.events-0]
2026-04-08 23:39:30 [nioEventLoopGroup-3-3] INFO  o.a.k.c.producer.ProducerConfig - ProducerConfig values: 
	acks = -1
	auto.include.jmx.reporter = true
	batch.size = 16384
	bootstrap.servers = [localhost:9092]
	buffer.memory = 33554432
	client.dns.lookup = use_all_dns_ips
	client.id = producer-1
	compression.type = none
	connections.max.idle.ms = 540000
	delivery.timeout.ms = 120000
	enable.idempotence = true
	interceptor.classes = []
	key.serializer = class org.apache.kafka.common.serialization.StringSerializer
	linger.ms = 0
	max.block.ms = 60000
	max.in.flight.requests.per.connection = 5
	max.request.size = 1048576
	metadata.max.age.ms = 300000
	metadata.max.idle.ms = 300000
	metric.reporters = []
	metrics.num.samples = 2
	metrics.recording.level = INFO
	metrics.sample.window.ms = 30000
	partitioner.adaptive.partitioning.enable = true
	partitioner.availability.timeout.ms = 0
	partitioner.class = null
	partitioner.ignore.keys = false
	receive.buffer.bytes = 32768
	reconnect.backoff.max.ms = 1000
	reconnect.backoff.ms = 50
	request.timeout.ms = 30000
	retries = 2147483647
	retry.backoff.ms = 100
	sasl.client.callback.handler.class = null
	sasl.jaas.config = null
	sasl.kerberos.kinit.cmd = /usr/bin/kinit
	sasl.kerberos.min.time.before.relogin = 60000
	sasl.kerberos.service.name = null
	sasl.kerberos.ticket.renew.jitter = 0.05
	sasl.kerberos.ticket.renew.window.factor = 0.8
	sasl.login.callback.handler.class = null
	sasl.login.class = null
	sasl.login.connect.timeout.ms = null
	sasl.login.read.timeout.ms = null
	sasl.login.refresh.buffer.seconds = 300
	sasl.login.refresh.min.period.seconds = 60
	sasl.login.refresh.window.factor = 0.8
	sasl.login.refresh.window.jitter = 0.05
	sasl.login.retry.backoff.max.ms = 10000
	sasl.login.retry.backoff.ms = 100
	sasl.mechanism = GSSAPI
	sasl.oauthbearer.clock.skew.seconds = 30
	sasl.oauthbearer.expected.audience = null
	sasl.oauthbearer.expected.issuer = null
	sasl.oauthbearer.jwks.endpoint.refresh.ms = 3600000
	sasl.oauthbearer.jwks.endpoint.retry.backoff.max.ms = 10000
	sasl.oauthbearer.jwks.endpoint.retry.backoff.ms = 100
	sasl.oauthbearer.jwks.endpoint.url = null
	sasl.oauthbearer.scope.claim.name = scope
	sasl.oauthbearer.sub.claim.name = sub
	sasl.oauthbearer.token.endpoint.url = null
	security.protocol = PLAINTEXT
	security.providers = null
	send.buffer.bytes = 131072
	socket.connection.setup.timeout.max.ms = 30000
	socket.connection.setup.timeout.ms = 10000
	ssl.cipher.suites = null
	ssl.enabled.protocols = [TLSv1.2, TLSv1.3]
	ssl.endpoint.identification.algorithm = https
	ssl.engine.factory.class = null
	ssl.key.password = null
	ssl.keymanager.algorithm = SunX509
	ssl.keystore.certificate.chain = null
	ssl.keystore.key = null
	ssl.keystore.location = null
	ssl.keystore.password = null
	ssl.keystore.type = JKS
	ssl.protocol = TLSv1.3
	ssl.provider = null
	ssl.secure.random.implementation = null
	ssl.trustmanager.algorithm = PKIX
	ssl.truststore.certificates = null
	ssl.truststore.location = null
	ssl.truststore.password = null
	ssl.truststore.type = JKS
	transaction.timeout.ms = 60000
	transactional.id = null
	value.serializer = class org.springframework.kafka.support.serializer.JsonSerializer

2026-04-08 23:39:30 [nioEventLoopGroup-3-3] INFO  o.a.k.clients.producer.KafkaProducer - [Producer clientId=producer-1] Instantiated an idempotent producer.
2026-04-08 23:39:30 [nioEventLoopGroup-3-3] INFO  o.a.kafka.common.utils.AppInfoParser - Kafka version: 3.6.2
2026-04-08 23:39:30 [nioEventLoopGroup-3-3] INFO  o.a.kafka.common.utils.AppInfoParser - Kafka commitId: c4deed513057c94e
2026-04-08 23:39:30 [nioEventLoopGroup-3-3] INFO  o.a.kafka.common.utils.AppInfoParser - Kafka startTimeMs: 1775677170439
2026-04-08 23:39:31 [kafka-producer-network-thread | producer-1] INFO  org.apache.kafka.clients.Metadata - [Producer clientId=producer-1] Cluster ID: gdZpHr3xQV2zE9BMy12-Hw
2026-04-08 23:39:31 [nioEventLoopGroup-3-3] INFO  c.e.m.producer.MovieProducer - Movie event sent
2026-04-08 23:39:36 [kafka-producer-network-thread | producer-1] INFO  o.a.k.c.p.i.TransactionManager - [Producer clientId=producer-1] ProducerId set to 4000 with epoch 0
2026-04-08 23:39:40 [I/O dispatcher 1] INFO  c.e.m.consumer.MovieConsumer - Movie created/updated: Archers of the Realm
2026-04-08 23:41:32 [nioEventLoopGroup-3-3] INFO  c.e.m.producer.MovieProducer - Movie event sent
2026-04-08 23:41:37 [I/O dispatcher 1] INFO  c.e.m.consumer.MovieConsumer - Movie created/updated: Run Forest Run
2026-04-08 23:42:05 [nioEventLoopGroup-3-4] INFO  c.e.m.producer.MovieProducer - Movie event sent
2026-04-08 23:42:09 [I/O dispatcher 1] INFO  c.e.m.consumer.MovieConsumer - Movie created/updated: The Librarian's Secret
2026-04-08 23:42:52 [nioEventLoopGroup-3-3] INFO  c.e.m.producer.MovieProducer - Movie event sent
2026-04-08 23:42:54 [I/O dispatcher 1] INFO  c.e.m.consumer.MovieConsumer - Movie created/updated: Stellar Drift
2026-04-08 23:43:22 [nioEventLoopGroup-3-3] INFO  c.e.m.producer.MovieProducer - Movie event sent
2026-04-08 23:43:23 [I/O dispatcher 1] INFO  c.e.m.consumer.MovieConsumer - Movie created/updated: The Golden Era
2026-04-08 23:43:38 [nioEventLoopGroup-3-4] INFO  c.e.m.producer.MovieProducer - Movie event sent
2026-04-08 23:43:39 [I/O dispatcher 1] INFO  c.e.m.consumer.MovieConsumer - Movie created/updated: Justice Unveiled
2026-04-08 23:44:49 [nioEventLoopGroup-3-3] INFO  c.e.m.producer.MovieProducer - Movie event sent
2026-04-08 23:44:52 [I/O dispatcher 1] INFO  c.e.m.consumer.MovieConsumer - Movie created/updated: The Sculptor
2026-04-08 23:46:42 [cluster-ClusterId{value='69d6aeab4c9673065ef95299', description='null'}-localhost:27017] INFO  org.mongodb.driver.cluster - Exception in monitor thread while connecting to server localhost:27017
com.mongodb.MongoSocketReadTimeoutException: Timeout while receiving message
	at com.mongodb.connection.netty.NettyStream$InboundBufferHandler.exceptionCaught(NettyStream.java:441)
	at io.netty.channel.AbstractChannelHandlerContext.invokeExceptionCaught(AbstractChannelHandlerContext.java:346)
	at io.netty.channel.AbstractChannelHandlerContext.invokeExceptionCaught(AbstractChannelHandlerContext.java:325)
	at io.netty.channel.AbstractChannelHandlerContext.fireExceptionCaught(AbstractChannelHandlerContext.java:317)
	at com.mongodb.connection.netty.NettyStream$ReadTimeoutTask.run(NettyStream.java:573)
	at io.netty.util.concurrent.PromiseTask.runTask(PromiseTask.java:98)
	at io.netty.util.concurrent.ScheduledFutureTask.run(ScheduledFutureTask.java:153)
	at io.netty.util.concurrent.AbstractEventExecutor.runTask(AbstractEventExecutor.java:173)
	at io.netty.util.concurrent.AbstractEventExecutor.safeExecute(AbstractEventExecutor.java:166)
	at io.netty.util.concurrent.SingleThreadEventExecutor.runAllTasks(SingleThreadEventExecutor.java:470)
	at io.netty.channel.nio.NioEventLoop.run(NioEventLoop.java:569)
	at io.netty.util.concurrent.SingleThreadEventExecutor$4.run(SingleThreadEventExecutor.java:997)
	at io.netty.util.internal.ThreadExecutorMap$2.run(ThreadExecutorMap.java:74)
	at io.netty.util.concurrent.FastThreadLocalRunnable.run(FastThreadLocalRunnable.java:30)
	at java.base/java.lang.Thread.run(Thread.java:840)
Caused by: io.netty.handler.timeout.ReadTimeoutException: null
2026-04-08 23:46:44 [org.springframework.kafka.KafkaListenerEndpointContainer#0-0-C-1] INFO  o.apache.kafka.clients.NetworkClient - [Consumer clientId=consumer-actor-search-group-1, groupId=actor-search-group] Disconnecting from node 2147483646 due to request timeout.
2026-04-08 23:46:46 [org.springframework.kafka.KafkaListenerEndpointContainer#1-0-C-1] INFO  o.apache.kafka.clients.NetworkClient - [Consumer clientId=consumer-movie-search-group-2, groupId=movie-search-group] Disconnecting from node 2147483646 due to request timeout.
2026-04-08 23:46:46 [org.springframework.kafka.KafkaListenerEndpointContainer#0-0-C-1] INFO  o.apache.kafka.clients.NetworkClient - [Consumer clientId=consumer-actor-search-group-1, groupId=actor-search-group] Cancelled in-flight HEARTBEAT request with correlation id 859 due to node 2147483646 being disconnected (elapsed time since creation: 30070ms, elapsed time since send: 30070ms, request timeout: 30000ms)
2026-04-08 23:46:46 [org.springframework.kafka.KafkaListenerEndpointContainer#0-0-C-1] INFO  o.apache.kafka.clients.NetworkClient - [Consumer clientId=consumer-actor-search-group-1, groupId=actor-search-group] Cancelled in-flight HEARTBEAT request with correlation id 861 due to node 2147483646 being disconnected (elapsed time since creation: 27051ms, elapsed time since send: 27051ms, request timeout: 30000ms)
2026-04-08 23:46:46 [org.springframework.kafka.KafkaListenerEndpointContainer#1-0-C-1] INFO  o.apache.kafka.clients.NetworkClient - [Consumer clientId=consumer-movie-search-group-2, groupId=movie-search-group] Cancelled in-flight HEARTBEAT request with correlation id 871 due to node 2147483646 being disconnected (elapsed time since creation: 30167ms, elapsed time since send: 30167ms, request timeout: 30000ms)
2026-04-08 23:46:46 [org.springframework.kafka.KafkaListenerEndpointContainer#0-0-C-1] INFO  o.apache.kafka.clients.NetworkClient - [Consumer clientId=consumer-actor-search-group-1, groupId=actor-search-group] Cancelled in-flight HEARTBEAT request with correlation id 862 due to node 2147483646 being disconnected (elapsed time since creation: 24031ms, elapsed time since send: 24030ms, request timeout: 30000ms)
2026-04-08 23:46:46 [org.springframework.kafka.KafkaListenerEndpointContainer#0-0-C-1] INFO  o.apache.kafka.clients.NetworkClient - [Consumer clientId=consumer-actor-search-group-1, groupId=actor-search-group] Cancelled in-flight HEARTBEAT request with correlation id 863 due to node 2147483646 being disconnected (elapsed time since creation: 21031ms, elapsed time since send: 21031ms, request timeout: 30000ms)
2026-04-08 23:46:46 [org.springframework.kafka.KafkaListenerEndpointContainer#1-0-C-1] INFO  o.apache.kafka.clients.NetworkClient - [Consumer clientId=consumer-movie-search-group-2, groupId=movie-search-group] Cancelled in-flight HEARTBEAT request with correlation id 873 due to node 2147483646 being disconnected (elapsed time since creation: 27167ms, elapsed time since send: 27167ms, request timeout: 30000ms)
2026-04-08 23:46:46 [org.springframework.kafka.KafkaListenerEndpointContainer#1-0-C-1] INFO  o.apache.kafka.clients.NetworkClient - [Consumer clientId=consumer-movie-search-group-2, groupId=movie-search-group] Cancelled in-flight HEARTBEAT request with correlation id 874 due to node 2147483646 being disconnected (elapsed time since creation: 24165ms, elapsed time since send: 24165ms, request timeout: 30000ms)
2026-04-08 23:46:46 [org.springframework.kafka.KafkaListenerEndpointContainer#1-0-C-1] INFO  o.apache.kafka.clients.NetworkClient - [Consumer clientId=consumer-movie-search-group-2, groupId=movie-search-group] Cancelled in-flight HEARTBEAT request with correlation id 875 due to node 2147483646 being disconnected (elapsed time since creation: 21160ms, elapsed time since send: 21160ms, request timeout: 30000ms)
2026-04-08 23:46:46 [org.springframework.kafka.KafkaListenerEndpointContainer#1-0-C-1] INFO  o.apache.kafka.clients.NetworkClient - [Consumer clientId=consumer-movie-search-group-2, groupId=movie-search-group] Cancelled in-flight HEARTBEAT request with correlation id 876 due to node 2147483646 being disconnected (elapsed time since creation: 18159ms, elapsed time since send: 18159ms, request timeout: 30000ms)
2026-04-08 23:46:46 [org.springframework.kafka.KafkaListenerEndpointContainer#1-0-C-1] INFO  o.apache.kafka.clients.NetworkClient - [Consumer clientId=consumer-movie-search-group-2, groupId=movie-search-group] Cancelled in-flight HEARTBEAT request with correlation id 877 due to node 2147483646 being disconnected (elapsed time since creation: 15158ms, elapsed time since send: 15158ms, request timeout: 30000ms)
2026-04-08 23:46:46 [org.springframework.kafka.KafkaListenerEndpointContainer#1-0-C-1] INFO  o.apache.kafka.clients.NetworkClient - [Consumer clientId=consumer-movie-search-group-2, groupId=movie-search-group] Cancelled in-flight HEARTBEAT request with correlation id 878 due to node 2147483646 being disconnected (elapsed time since creation: 12157ms, elapsed time since send: 12157ms, request timeout: 30000ms)
2026-04-08 23:46:46 [org.springframework.kafka.KafkaListenerEndpointContainer#1-0-C-1] INFO  o.apache.kafka.clients.NetworkClient - [Consumer clientId=consumer-movie-search-group-2, groupId=movie-search-group] Cancelled in-flight HEARTBEAT request with correlation id 879 due to node 2147483646 being disconnected (elapsed time since creation: 9018ms, elapsed time since send: 9018ms, request timeout: 30000ms)
2026-04-08 23:46:46 [org.springframework.kafka.KafkaListenerEndpointContainer#1-0-C-1] INFO  o.apache.kafka.clients.NetworkClient - [Consumer clientId=consumer-movie-search-group-2, groupId=movie-search-group] Cancelled in-flight HEARTBEAT request with correlation id 880 due to node 2147483646 being disconnected (elapsed time since creation: 6017ms, elapsed time since send: 6017ms, request timeout: 30000ms)
2026-04-08 23:46:46 [org.springframework.kafka.KafkaListenerEndpointContainer#1-0-C-1] INFO  o.apache.kafka.clients.NetworkClient - [Consumer clientId=consumer-movie-search-group-2, groupId=movie-search-group] Cancelled in-flight HEARTBEAT request with correlation id 881 due to node 2147483646 being disconnected (elapsed time since creation: 3004ms, elapsed time since send: 3004ms, request timeout: 30000ms)
2026-04-08 23:46:46 [kafka-coordinator-heartbeat-thread | movie-search-group] INFO  o.apache.kafka.clients.NetworkClient - [Consumer clientId=consumer-movie-search-group-2, groupId=movie-search-group] Disconnecting from node 1 due to request timeout.
2026-04-08 23:46:46 [kafka-coordinator-heartbeat-thread | movie-search-group] INFO  o.apache.kafka.clients.NetworkClient - [Consumer clientId=consumer-movie-search-group-2, groupId=movie-search-group] Cancelled in-flight FETCH request with correlation id 872 due to node 1 being disconnected (elapsed time since creation: 30612ms, elapsed time since send: 30612ms, request timeout: 30000ms)
2026-04-08 23:46:46 [kafka-coordinator-heartbeat-thread | movie-search-group] INFO  o.apache.kafka.clients.NetworkClient - [Consumer clientId=consumer-movie-search-group-2, groupId=movie-search-group] Cancelled in-flight METADATA request with correlation id 882 due to node 1 being disconnected (elapsed time since creation: 1649ms, elapsed time since send: 1649ms, request timeout: 30000ms)
2026-04-08 23:46:46 [kafka-coordinator-heartbeat-thread | movie-search-group] INFO  o.a.k.c.c.i.ConsumerCoordinator - [Consumer clientId=consumer-movie-search-group-2, groupId=movie-search-group] Group coordinator localhost:9092 (id: 2147483646 rack: null) is unavailable or invalid due to cause: null. isDisconnected: true. Rediscovery will be attempted.
2026-04-08 23:46:46 [kafka-coordinator-heartbeat-thread | movie-search-group] INFO  o.a.k.clients.FetchSessionHandler - [Consumer clientId=consumer-movie-search-group-2, groupId=movie-search-group] Error sending fetch request (sessionId=423484254, epoch=703) to node 1:
org.apache.kafka.common.errors.DisconnectException: null
2026-04-08 23:46:46 [org.springframework.kafka.KafkaListenerEndpointContainer#0-0-C-1] INFO  o.apache.kafka.clients.NetworkClient - [Consumer clientId=consumer-actor-search-group-1, groupId=actor-search-group] Cancelled in-flight HEARTBEAT request with correlation id 864 due to node 2147483646 being disconnected (elapsed time since creation: 18029ms, elapsed time since send: 18029ms, request timeout: 30000ms)
2026-04-08 23:46:46 [org.springframework.kafka.KafkaListenerEndpointContainer#0-0-C-1] INFO  o.apache.kafka.clients.NetworkClient - [Consumer clientId=consumer-actor-search-group-1, groupId=actor-search-group] Cancelled in-flight HEARTBEAT request with correlation id 865 due to node 2147483646 being disconnected (elapsed time since creation: 15028ms, elapsed time since send: 15025ms, request timeout: 30000ms)
2026-04-08 23:46:46 [org.springframework.kafka.KafkaListenerEndpointContainer#0-0-C-1] INFO  o.apache.kafka.clients.NetworkClient - [Consumer clientId=consumer-actor-search-group-1, groupId=actor-search-group] Cancelled in-flight HEARTBEAT request with correlation id 866 due to node 2147483646 being disconnected (elapsed time since creation: 12027ms, elapsed time since send: 12027ms, request timeout: 30000ms)
2026-04-08 23:46:46 [org.springframework.kafka.KafkaListenerEndpointContainer#0-0-C-1] INFO  o.apache.kafka.clients.NetworkClient - [Consumer clientId=consumer-actor-search-group-1, groupId=actor-search-group] Cancelled in-flight HEARTBEAT request with correlation id 867 due to node 2147483646 being disconnected (elapsed time since creation: 9026ms, elapsed time since send: 9026ms, request timeout: 30000ms)
2026-04-08 23:46:46 [org.springframework.kafka.KafkaListenerEndpointContainer#0-0-C-1] INFO  o.apache.kafka.clients.NetworkClient - [Consumer clientId=consumer-actor-search-group-1, groupId=actor-search-group] Cancelled in-flight HEARTBEAT request with correlation id 868 due to node 2147483646 being disconnected (elapsed time since creation: 6026ms, elapsed time since send: 6026ms, request timeout: 30000ms)
2026-04-08 23:46:46 [org.springframework.kafka.KafkaListenerEndpointContainer#0-0-C-1] INFO  o.apache.kafka.clients.NetworkClient - [Consumer clientId=consumer-actor-search-group-1, groupId=actor-search-group] Cancelled in-flight HEARTBEAT request with correlation id 869 due to node 2147483646 being disconnected (elapsed time since creation: 3012ms, elapsed time since send: 3012ms, request timeout: 30000ms)
2026-04-08 23:46:46 [kafka-coordinator-heartbeat-thread | actor-search-group] INFO  o.apache.kafka.clients.NetworkClient - [Consumer clientId=consumer-actor-search-group-1, groupId=actor-search-group] Disconnecting from node 1 due to request timeout.
2026-04-08 23:46:46 [kafka-coordinator-heartbeat-thread | actor-search-group] INFO  o.apache.kafka.clients.NetworkClient - [Consumer clientId=consumer-actor-search-group-1, groupId=actor-search-group] Cancelled in-flight FETCH request with correlation id 860 due to node 1 being disconnected (elapsed time since creation: 31419ms, elapsed time since send: 31419ms, request timeout: 30000ms)
2026-04-08 23:46:46 [kafka-coordinator-heartbeat-thread | actor-search-group] INFO  o.apache.kafka.clients.NetworkClient - [Consumer clientId=consumer-actor-search-group-1, groupId=actor-search-group] Cancelled in-flight METADATA request with correlation id 870 due to node 1 being disconnected (elapsed time since creation: 4911ms, elapsed time since send: 4911ms, request timeout: 30000ms)
2026-04-08 23:46:46 [kafka-coordinator-heartbeat-thread | actor-search-group] INFO  o.a.k.c.c.i.ConsumerCoordinator - [Consumer clientId=consumer-actor-search-group-1, groupId=actor-search-group] Group coordinator localhost:9092 (id: 2147483646 rack: null) is unavailable or invalid due to cause: null. isDisconnected: true. Rediscovery will be attempted.
2026-04-08 23:46:46 [kafka-coordinator-heartbeat-thread | actor-search-group] INFO  o.a.k.clients.FetchSessionHandler - [Consumer clientId=consumer-actor-search-group-1, groupId=actor-search-group] Error sending fetch request (sessionId=169292163, epoch=698) to node 1:
org.apache.kafka.common.errors.DisconnectException: null
2026-04-08 23:47:17 [org.springframework.kafka.KafkaListenerEndpointContainer#0-0-C-1] INFO  o.apache.kafka.clients.NetworkClient - [Consumer clientId=consumer-actor-search-group-1, groupId=actor-search-group] Disconnecting from node 1 due to request timeout.
2026-04-08 23:47:17 [org.springframework.kafka.KafkaListenerEndpointContainer#0-0-C-1] INFO  o.apache.kafka.clients.NetworkClient - [Consumer clientId=consumer-actor-search-group-1, groupId=actor-search-group] Cancelled in-flight API_VERSIONS request with correlation id 871 due to node 1 being disconnected (elapsed time since creation: 30825ms, elapsed time since send: 30825ms, request timeout: 30000ms)
2026-04-08 23:47:17 [org.springframework.kafka.KafkaListenerEndpointContainer#0-0-C-1] INFO  o.a.k.clients.FetchSessionHandler - [Consumer clientId=consumer-actor-search-group-1, groupId=actor-search-group] Error sending fetch request (sessionId=169292163, epoch=INITIAL) to node 1:
org.apache.kafka.common.errors.DisconnectException: null
2026-04-08 23:47:19 [org.springframework.kafka.KafkaListenerEndpointContainer#1-0-C-1] INFO  o.apache.kafka.clients.NetworkClient - [Consumer clientId=consumer-movie-search-group-2, groupId=movie-search-group] Disconnecting from node 1 due to request timeout.
2026-04-08 23:47:19 [org.springframework.kafka.KafkaListenerEndpointContainer#1-0-C-1] INFO  o.apache.kafka.clients.NetworkClient - [Consumer clientId=consumer-movie-search-group-2, groupId=movie-search-group] Cancelled in-flight API_VERSIONS request with correlation id 884 due to node 1 being disconnected (elapsed time since creation: 32507ms, elapsed time since send: 32507ms, request timeout: 30000ms)
2026-04-08 23:47:19 [org.springframework.kafka.KafkaListenerEndpointContainer#1-0-C-1] INFO  o.a.k.clients.FetchSessionHandler - [Consumer clientId=consumer-movie-search-group-2, groupId=movie-search-group] Error sending fetch request (sessionId=423484254, epoch=INITIAL) to node 1:
org.apache.kafka.common.errors.DisconnectException: null
2026-04-08 23:47:36 [org.springframework.kafka.KafkaListenerEndpointContainer#1-0-C-1] INFO  o.apache.kafka.clients.NetworkClient - [Consumer clientId=consumer-movie-search-group-2, groupId=movie-search-group] Node -1 disconnected.
2026-04-08 23:47:37 [org.springframework.kafka.KafkaListenerEndpointContainer#0-0-C-1] INFO  o.apache.kafka.clients.NetworkClient - [Consumer clientId=consumer-actor-search-group-1, groupId=actor-search-group] Node -1 disconnected.
2026-04-08 23:47:49 [org.springframework.kafka.KafkaListenerEndpointContainer#0-0-C-1] INFO  o.apache.kafka.clients.NetworkClient - [Consumer clientId=consumer-actor-search-group-1, groupId=actor-search-group] Disconnecting from node 1 due to request timeout.
2026-04-08 23:47:49 [org.springframework.kafka.KafkaListenerEndpointContainer#0-0-C-1] INFO  o.apache.kafka.clients.NetworkClient - [Consumer clientId=consumer-actor-search-group-1, groupId=actor-search-group] Cancelled in-flight API_VERSIONS request with correlation id 879 due to node 1 being disconnected (elapsed time since creation: 31277ms, elapsed time since send: 31277ms, request timeout: 30000ms)
2026-04-08 23:47:49 [org.springframework.kafka.KafkaListenerEndpointContainer#0-0-C-1] INFO  o.a.k.clients.FetchSessionHandler - [Consumer clientId=consumer-actor-search-group-1, groupId=actor-search-group] Error sending fetch request (sessionId=169292163, epoch=INITIAL) to node 1:
org.apache.kafka.common.errors.DisconnectException: null
2026-04-08 23:47:51 [org.springframework.kafka.KafkaListenerEndpointContainer#1-0-C-1] INFO  o.apache.kafka.clients.NetworkClient - [Consumer clientId=consumer-movie-search-group-2, groupId=movie-search-group] Disconnecting from node 1 due to request timeout.
2026-04-08 23:47:51 [org.springframework.kafka.KafkaListenerEndpointContainer#1-0-C-1] INFO  o.apache.kafka.clients.NetworkClient - [Consumer clientId=consumer-movie-search-group-2, groupId=movie-search-group] Cancelled in-flight API_VERSIONS request with correlation id 888 due to node 1 being disconnected (elapsed time since creation: 31866ms, elapsed time since send: 31866ms, request timeout: 30000ms)
2026-04-08 23:47:51 [org.springframework.kafka.KafkaListenerEndpointContainer#1-0-C-1] INFO  o.a.k.clients.FetchSessionHandler - [Consumer clientId=consumer-movie-search-group-2, groupId=movie-search-group] Error sending fetch request (sessionId=423484254, epoch=INITIAL) to node 1:
org.apache.kafka.common.errors.DisconnectException: null
2026-04-08 23:48:22 [org.springframework.kafka.KafkaListenerEndpointContainer#0-0-C-1] INFO  o.apache.kafka.clients.NetworkClient - [Consumer clientId=consumer-actor-search-group-1, groupId=actor-search-group] Disconnecting from node 1 due to request timeout.
2026-04-08 23:48:22 [org.springframework.kafka.KafkaListenerEndpointContainer#0-0-C-1] INFO  o.apache.kafka.clients.NetworkClient - [Consumer clientId=consumer-actor-search-group-1, groupId=actor-search-group] Cancelled in-flight API_VERSIONS request with correlation id 888 due to node 1 being disconnected (elapsed time since creation: 32792ms, elapsed time since send: 32792ms, request timeout: 30000ms)
2026-04-08 23:48:22 [org.springframework.kafka.KafkaListenerEndpointContainer#0-0-C-1] INFO  o.a.k.clients.FetchSessionHandler - [Consumer clientId=consumer-actor-search-group-1, groupId=actor-search-group] Error sending fetch request (sessionId=169292163, epoch=INITIAL) to node 1:
org.apache.kafka.common.errors.DisconnectException: null
2026-04-08 23:48:24 [org.springframework.kafka.KafkaListenerEndpointContainer#1-0-C-1] INFO  o.apache.kafka.clients.NetworkClient - [Consumer clientId=consumer-movie-search-group-2, groupId=movie-search-group] Disconnecting from node 1 due to request timeout.
2026-04-08 23:48:24 [org.springframework.kafka.KafkaListenerEndpointContainer#1-0-C-1] INFO  o.apache.kafka.clients.NetworkClient - [Consumer clientId=consumer-movie-search-group-2, groupId=movie-search-group] Cancelled in-flight API_VERSIONS request with correlation id 894 due to node 1 being disconnected (elapsed time since creation: 32784ms, elapsed time since send: 32784ms, request timeout: 30000ms)
2026-04-08 23:48:24 [org.springframework.kafka.KafkaListenerEndpointContainer#1-0-C-1] INFO  o.a.k.clients.FetchSessionHandler - [Consumer clientId=consumer-movie-search-group-2, groupId=movie-search-group] Error sending fetch request (sessionId=423484254, epoch=INITIAL) to node 1:
org.apache.kafka.common.errors.DisconnectException: null
2026-04-08 23:48:49 [kafka-producer-network-thread | producer-1] INFO  o.apache.kafka.clients.NetworkClient - [Producer clientId=producer-1] Node -1 disconnected.
2026-04-08 23:48:53 [org.springframework.kafka.KafkaListenerEndpointContainer#0-0-C-1] INFO  o.apache.kafka.clients.NetworkClient - [Consumer clientId=consumer-actor-search-group-1, groupId=actor-search-group] Disconnecting from node 1 due to request timeout.
2026-04-08 23:48:53 [org.springframework.kafka.KafkaListenerEndpointContainer#0-0-C-1] INFO  o.apache.kafka.clients.NetworkClient - [Consumer clientId=consumer-actor-search-group-1, groupId=actor-search-group] Cancelled in-flight API_VERSIONS request with correlation id 893 due to node 1 being disconnected (elapsed time since creation: 30255ms, elapsed time since send: 30255ms, request timeout: 30000ms)
2026-04-08 23:48:53 [org.springframework.kafka.KafkaListenerEndpointContainer#0-0-C-1] INFO  o.a.k.clients.FetchSessionHandler - [Consumer clientId=consumer-actor-search-group-1, groupId=actor-search-group] Error sending fetch request (sessionId=169292163, epoch=INITIAL) to node 1:
org.apache.kafka.common.errors.DisconnectException: null
2026-04-08 23:48:56 [org.springframework.kafka.KafkaListenerEndpointContainer#1-0-C-1] INFO  o.apache.kafka.clients.NetworkClient - [Consumer clientId=consumer-movie-search-group-2, groupId=movie-search-group] Disconnecting from node 1 due to request timeout.
2026-04-08 23:48:56 [org.springframework.kafka.KafkaListenerEndpointContainer#1-0-C-1] INFO  o.apache.kafka.clients.NetworkClient - [Consumer clientId=consumer-movie-search-group-2, groupId=movie-search-group] Cancelled in-flight API_VERSIONS request with correlation id 899 due to node 1 being disconnected (elapsed time since creation: 31140ms, elapsed time since send: 31140ms, request timeout: 30000ms)
2026-04-08 23:48:56 [org.springframework.kafka.KafkaListenerEndpointContainer#1-0-C-1] INFO  o.a.k.clients.FetchSessionHandler - [Consumer clientId=consumer-movie-search-group-2, groupId=movie-search-group] Error sending fetch request (sessionId=423484254, epoch=INITIAL) to node 1:
org.apache.kafka.common.errors.DisconnectException: null
2026-04-08 23:49:19 [kafka-producer-network-thread | producer-1] INFO  o.apache.kafka.clients.NetworkClient - [Producer clientId=producer-1] Disconnecting from node 1 due to request timeout.
2026-04-08 23:49:19 [kafka-producer-network-thread | producer-1] INFO  o.apache.kafka.clients.NetworkClient - [Producer clientId=producer-1] Cancelled in-flight METADATA request with correlation id 29 due to node 1 being disconnected (elapsed time since creation: 30020ms, elapsed time since send: 30020ms, request timeout: 30000ms)
2026-04-08 23:49:24 [org.springframework.kafka.KafkaListenerEndpointContainer#0-0-C-1] INFO  o.apache.kafka.clients.NetworkClient - [Consumer clientId=consumer-actor-search-group-1, groupId=actor-search-group] Disconnecting from node 1 due to request timeout.
2026-04-08 23:49:24 [org.springframework.kafka.KafkaListenerEndpointContainer#0-0-C-1] INFO  o.apache.kafka.clients.NetworkClient - [Consumer clientId=consumer-actor-search-group-1, groupId=actor-search-group] Cancelled in-flight API_VERSIONS request with correlation id 901 due to node 1 being disconnected (elapsed time since creation: 30271ms, elapsed time since send: 30271ms, request timeout: 30000ms)
2026-04-08 23:49:24 [org.springframework.kafka.KafkaListenerEndpointContainer#0-0-C-1] INFO  o.a.k.clients.FetchSessionHandler - [Consumer clientId=consumer-actor-search-group-1, groupId=actor-search-group] Error sending fetch request (sessionId=169292163, epoch=INITIAL) to node 1:
org.apache.kafka.common.errors.DisconnectException: null
2026-04-08 23:49:31 [org.springframework.kafka.KafkaListenerEndpointContainer#1-0-C-1] INFO  o.a.k.c.c.i.ConsumerCoordinator - [Consumer clientId=consumer-movie-search-group-2, groupId=movie-search-group] Discovered group coordinator localhost:9092 (id: 2147483646 rack: null)
2026-04-08 23:49:31 [org.springframework.kafka.KafkaListenerEndpointContainer#0-0-C-1] INFO  o.a.k.c.c.i.ConsumerCoordinator - [Consumer clientId=consumer-actor-search-group-1, groupId=actor-search-group] Discovered group coordinator localhost:9092 (id: 2147483646 rack: null)
2026-04-08 23:49:41 [org.springframework.kafka.KafkaListenerEndpointContainer#0-0-C-1] INFO  o.a.k.c.c.i.ConsumerCoordinator - [Consumer clientId=consumer-actor-search-group-1, groupId=actor-search-group] Attempt to heartbeat with Generation{generationId=19, memberId='consumer-actor-search-group-1-874c7ed4-40cf-4cd4-824d-d8440ca7fdf5', protocol='range'} and group instance id Optional.empty failed due to UNKNOWN_MEMBER_ID, resetting generation
2026-04-08 23:49:41 [org.springframework.kafka.KafkaListenerEndpointContainer#0-0-C-1] INFO  o.a.k.c.c.i.ConsumerCoordinator - [Consumer clientId=consumer-actor-search-group-1, groupId=actor-search-group] Resetting generation and member id due to: encountered UNKNOWN_MEMBER_ID from HEARTBEAT response
2026-04-08 23:49:41 [org.springframework.kafka.KafkaListenerEndpointContainer#0-0-C-1] INFO  o.a.k.c.c.i.ConsumerCoordinator - [Consumer clientId=consumer-actor-search-group-1, groupId=actor-search-group] Request joining group due to: encountered UNKNOWN_MEMBER_ID from HEARTBEAT response
2026-04-08 23:49:41 [org.springframework.kafka.KafkaListenerEndpointContainer#0-0-C-1] INFO  o.a.k.c.c.i.ConsumerCoordinator - [Consumer clientId=consumer-actor-search-group-1, groupId=actor-search-group] Giving away all assigned partitions as lost since generation/memberID has been reset,indicating that consumer is in old state or no longer part of the group
2026-04-08 23:49:41 [org.springframework.kafka.KafkaListenerEndpointContainer#0-0-C-1] INFO  o.a.k.c.c.i.ConsumerCoordinator - [Consumer clientId=consumer-actor-search-group-1, groupId=actor-search-group] Lost previously assigned partitions actor.events-0
2026-04-08 23:49:41 [org.springframework.kafka.KafkaListenerEndpointContainer#0-0-C-1] INFO  o.s.k.l.KafkaMessageListenerContainer - actor-search-group: partitions lost: [actor.events-0]
2026-04-08 23:49:41 [org.springframework.kafka.KafkaListenerEndpointContainer#0-0-C-1] INFO  o.s.k.l.KafkaMessageListenerContainer - actor-search-group: partitions revoked: [actor.events-0]
2026-04-08 23:49:41 [org.springframework.kafka.KafkaListenerEndpointContainer#0-0-C-1] INFO  o.a.k.c.c.i.ConsumerCoordinator - [Consumer clientId=consumer-actor-search-group-1, groupId=actor-search-group] (Re-)joining group
2026-04-08 23:49:41 [org.springframework.kafka.KafkaListenerEndpointContainer#1-0-C-1] INFO  o.a.k.c.c.i.ConsumerCoordinator - [Consumer clientId=consumer-movie-search-group-2, groupId=movie-search-group] Attempt to heartbeat with Generation{generationId=21, memberId='consumer-movie-search-group-2-07c78808-470e-4e58-807c-dc8bb396a0bb', protocol='range'} and group instance id Optional.empty failed due to UNKNOWN_MEMBER_ID, resetting generation
2026-04-08 23:49:41 [org.springframework.kafka.KafkaListenerEndpointContainer#1-0-C-1] INFO  o.a.k.c.c.i.ConsumerCoordinator - [Consumer clientId=consumer-movie-search-group-2, groupId=movie-search-group] Resetting generation and member id due to: encountered UNKNOWN_MEMBER_ID from HEARTBEAT response
2026-04-08 23:49:41 [org.springframework.kafka.KafkaListenerEndpointContainer#1-0-C-1] INFO  o.a.k.c.c.i.ConsumerCoordinator - [Consumer clientId=consumer-movie-search-group-2, groupId=movie-search-group] Request joining group due to: encountered UNKNOWN_MEMBER_ID from HEARTBEAT response
2026-04-08 23:49:41 [org.springframework.kafka.KafkaListenerEndpointContainer#1-0-C-1] INFO  o.a.k.c.c.i.ConsumerCoordinator - [Consumer clientId=consumer-movie-search-group-2, groupId=movie-search-group] Giving away all assigned partitions as lost since generation/memberID has been reset,indicating that consumer is in old state or no longer part of the group
2026-04-08 23:49:41 [org.springframework.kafka.KafkaListenerEndpointContainer#1-0-C-1] INFO  o.a.k.c.c.i.ConsumerCoordinator - [Consumer clientId=consumer-movie-search-group-2, groupId=movie-search-group] Lost previously assigned partitions movie.events-0
2026-04-08 23:49:41 [org.springframework.kafka.KafkaListenerEndpointContainer#1-0-C-1] INFO  o.s.k.l.KafkaMessageListenerContainer - movie-search-group: partitions lost: [movie.events-0]
2026-04-08 23:49:41 [org.springframework.kafka.KafkaListenerEndpointContainer#1-0-C-1] INFO  o.s.k.l.KafkaMessageListenerContainer - movie-search-group: partitions revoked: [movie.events-0]
2026-04-08 23:49:41 [org.springframework.kafka.KafkaListenerEndpointContainer#1-0-C-1] INFO  o.a.k.c.c.i.ConsumerCoordinator - [Consumer clientId=consumer-movie-search-group-2, groupId=movie-search-group] (Re-)joining group
2026-04-08 23:49:41 [org.springframework.kafka.KafkaListenerEndpointContainer#1-0-C-1] INFO  o.a.k.c.c.i.ConsumerCoordinator - [Consumer clientId=consumer-movie-search-group-2, groupId=movie-search-group] Attempt to heartbeat with stale Generation{generationId=21, memberId='consumer-movie-search-group-2-07c78808-470e-4e58-807c-dc8bb396a0bb', protocol='range'} and group instance id Optional.empty failed due to UNKNOWN_MEMBER_ID, ignoring the error
2026-04-08 23:49:42 [org.springframework.kafka.KafkaListenerEndpointContainer#1-0-C-1] INFO  o.a.k.c.c.i.ConsumerCoordinator - [Consumer clientId=consumer-movie-search-group-2, groupId=movie-search-group] Attempt to heartbeat with stale Generation{generationId=21, memberId='consumer-movie-search-group-2-07c78808-470e-4e58-807c-dc8bb396a0bb', protocol='range'} and group instance id Optional.empty failed due to UNKNOWN_MEMBER_ID, ignoring the error
2026-04-08 23:49:42 [org.springframework.kafka.KafkaListenerEndpointContainer#0-0-C-1] INFO  o.a.k.c.c.i.ConsumerCoordinator - [Consumer clientId=consumer-actor-search-group-1, groupId=actor-search-group] Attempt to heartbeat with stale Generation{generationId=19, memberId='consumer-actor-search-group-1-874c7ed4-40cf-4cd4-824d-d8440ca7fdf5', protocol='range'} and group instance id Optional.empty failed due to UNKNOWN_MEMBER_ID, ignoring the error
2026-04-08 23:49:42 [org.springframework.kafka.KafkaListenerEndpointContainer#0-0-C-1] INFO  o.a.k.c.c.i.ConsumerCoordinator - [Consumer clientId=consumer-actor-search-group-1, groupId=actor-search-group] Attempt to heartbeat with stale Generation{generationId=19, memberId='consumer-actor-search-group-1-874c7ed4-40cf-4cd4-824d-d8440ca7fdf5', protocol='range'} and group instance id Optional.empty failed due to UNKNOWN_MEMBER_ID, ignoring the error
2026-04-08 23:49:42 [org.springframework.kafka.KafkaListenerEndpointContainer#0-0-C-1] INFO  o.a.k.c.c.i.ConsumerCoordinator - [Consumer clientId=consumer-actor-search-group-1, groupId=actor-search-group] Attempt to heartbeat with stale Generation{generationId=19, memberId='consumer-actor-search-group-1-874c7ed4-40cf-4cd4-824d-d8440ca7fdf5', protocol='range'} and group instance id Optional.empty failed due to UNKNOWN_MEMBER_ID, ignoring the error
2026-04-08 23:49:45 [org.springframework.kafka.KafkaListenerEndpointContainer#1-0-C-1] INFO  o.a.k.c.c.i.ConsumerCoordinator - [Consumer clientId=consumer-movie-search-group-2, groupId=movie-search-group] Request joining group due to: need to re-join with the given member-id: consumer-movie-search-group-2-3aac23a6-2d17-4ba3-a79c-1260c19c5b19
2026-04-08 23:49:45 [org.springframework.kafka.KafkaListenerEndpointContainer#0-0-C-1] INFO  o.a.k.c.c.i.ConsumerCoordinator - [Consumer clientId=consumer-actor-search-group-1, groupId=actor-search-group] Request joining group due to: need to re-join with the given member-id: consumer-actor-search-group-1-740fc6ab-99a4-4a29-a9ea-13376c81cb31
2026-04-08 23:49:45 [org.springframework.kafka.KafkaListenerEndpointContainer#0-0-C-1] INFO  o.a.k.c.c.i.ConsumerCoordinator - [Consumer clientId=consumer-actor-search-group-1, groupId=actor-search-group] Request joining group due to: rebalance failed due to 'The group member needs to have a valid member id before actually entering a consumer group.' (MemberIdRequiredException)
2026-04-08 23:49:45 [org.springframework.kafka.KafkaListenerEndpointContainer#1-0-C-1] INFO  o.a.k.c.c.i.ConsumerCoordinator - [Consumer clientId=consumer-movie-search-group-2, groupId=movie-search-group] Request joining group due to: rebalance failed due to 'The group member needs to have a valid member id before actually entering a consumer group.' (MemberIdRequiredException)
2026-04-08 23:49:45 [org.springframework.kafka.KafkaListenerEndpointContainer#0-0-C-1] INFO  o.a.k.c.c.i.ConsumerCoordinator - [Consumer clientId=consumer-actor-search-group-1, groupId=actor-search-group] (Re-)joining group
2026-04-08 23:49:45 [org.springframework.kafka.KafkaListenerEndpointContainer#1-0-C-1] INFO  o.a.k.c.c.i.ConsumerCoordinator - [Consumer clientId=consumer-movie-search-group-2, groupId=movie-search-group] (Re-)joining group
2026-04-08 23:49:46 [org.springframework.kafka.KafkaListenerEndpointContainer#1-0-C-1] INFO  o.a.k.c.c.i.ConsumerCoordinator - [Consumer clientId=consumer-movie-search-group-2, groupId=movie-search-group] Discovered group coordinator localhost:9092 (id: 2147483646 rack: null)
2026-04-08 23:49:46 [org.springframework.kafka.KafkaListenerEndpointContainer#0-0-C-1] INFO  o.a.k.c.c.i.ConsumerCoordinator - [Consumer clientId=consumer-actor-search-group-1, groupId=actor-search-group] Discovered group coordinator localhost:9092 (id: 2147483646 rack: null)
2026-04-08 23:49:46 [org.springframework.kafka.KafkaListenerEndpointContainer#1-0-C-1] INFO  o.a.k.c.c.i.ConsumerCoordinator - [Consumer clientId=consumer-movie-search-group-2, groupId=movie-search-group] Discovered group coordinator localhost:9092 (id: 2147483646 rack: null)
2026-04-08 23:49:46 [org.springframework.kafka.KafkaListenerEndpointContainer#1-0-C-1] INFO  o.a.k.c.c.i.ConsumerCoordinator - [Consumer clientId=consumer-movie-search-group-2, groupId=movie-search-group] Discovered group coordinator localhost:9092 (id: 2147483646 rack: null)
2026-04-08 23:49:46 [org.springframework.kafka.KafkaListenerEndpointContainer#1-0-C-1] INFO  o.a.k.c.c.i.ConsumerCoordinator - [Consumer clientId=consumer-movie-search-group-2, groupId=movie-search-group] Discovered group coordinator localhost:9092 (id: 2147483646 rack: null)
2026-04-08 23:49:46 [org.springframework.kafka.KafkaListenerEndpointContainer#1-0-C-1] INFO  o.a.k.c.c.i.ConsumerCoordinator - [Consumer clientId=consumer-movie-search-group-2, groupId=movie-search-group] Discovered group coordinator localhost:9092 (id: 2147483646 rack: null)
2026-04-08 23:49:46 [org.springframework.kafka.KafkaListenerEndpointContainer#1-0-C-1] INFO  o.a.k.c.c.i.ConsumerCoordinator - [Consumer clientId=consumer-movie-search-group-2, groupId=movie-search-group] Discovered group coordinator localhost:9092 (id: 2147483646 rack: null)
2026-04-08 23:49:47 [org.springframework.kafka.KafkaListenerEndpointContainer#1-0-C-1] INFO  o.a.k.c.c.i.ConsumerCoordinator - [Consumer clientId=consumer-movie-search-group-2, groupId=movie-search-group] Discovered group coordinator localhost:9092 (id: 2147483646 rack: null)
2026-04-08 23:49:49 [org.springframework.kafka.KafkaListenerEndpointContainer#0-0-C-1] INFO  o.a.k.c.c.i.ConsumerCoordinator - [Consumer clientId=consumer-actor-search-group-1, groupId=actor-search-group] Successfully joined group with generation Generation{generationId=21, memberId='consumer-actor-search-group-1-740fc6ab-99a4-4a29-a9ea-13376c81cb31', protocol='range'}
2026-04-08 23:49:49 [org.springframework.kafka.KafkaListenerEndpointContainer#1-0-C-1] INFO  o.a.k.c.c.i.ConsumerCoordinator - [Consumer clientId=consumer-movie-search-group-2, groupId=movie-search-group] Successfully joined group with generation Generation{generationId=23, memberId='consumer-movie-search-group-2-3aac23a6-2d17-4ba3-a79c-1260c19c5b19', protocol='range'}
2026-04-08 23:49:49 [org.springframework.kafka.KafkaListenerEndpointContainer#0-0-C-1] INFO  o.a.k.c.c.i.ConsumerCoordinator - [Consumer clientId=consumer-actor-search-group-1, groupId=actor-search-group] Finished assignment for group at generation 21: {consumer-actor-search-group-1-740fc6ab-99a4-4a29-a9ea-13376c81cb31=Assignment(partitions=[actor.events-0])}
2026-04-08 23:49:49 [org.springframework.kafka.KafkaListenerEndpointContainer#1-0-C-1] INFO  o.a.k.c.c.i.ConsumerCoordinator - [Consumer clientId=consumer-movie-search-group-2, groupId=movie-search-group] Finished assignment for group at generation 23: {consumer-movie-search-group-2-3aac23a6-2d17-4ba3-a79c-1260c19c5b19=Assignment(partitions=[movie.events-0])}
2026-04-08 23:49:51 [org.springframework.kafka.KafkaListenerEndpointContainer#1-0-C-1] INFO  o.a.k.c.c.i.ConsumerCoordinator - [Consumer clientId=consumer-movie-search-group-2, groupId=movie-search-group] Successfully synced group in generation Generation{generationId=23, memberId='consumer-movie-search-group-2-3aac23a6-2d17-4ba3-a79c-1260c19c5b19', protocol='range'}
2026-04-08 23:49:51 [org.springframework.kafka.KafkaListenerEndpointContainer#0-0-C-1] INFO  o.a.k.c.c.i.ConsumerCoordinator - [Consumer clientId=consumer-actor-search-group-1, groupId=actor-search-group] Successfully synced group in generation Generation{generationId=21, memberId='consumer-actor-search-group-1-740fc6ab-99a4-4a29-a9ea-13376c81cb31', protocol='range'}
2026-04-08 23:49:51 [org.springframework.kafka.KafkaListenerEndpointContainer#0-0-C-1] INFO  o.a.k.c.c.i.ConsumerCoordinator - [Consumer clientId=consumer-actor-search-group-1, groupId=actor-search-group] Notifying assignor about the new Assignment(partitions=[actor.events-0])
2026-04-08 23:49:51 [org.springframework.kafka.KafkaListenerEndpointContainer#1-0-C-1] INFO  o.a.k.c.c.i.ConsumerCoordinator - [Consumer clientId=consumer-movie-search-group-2, groupId=movie-search-group] Notifying assignor about the new Assignment(partitions=[movie.events-0])
2026-04-08 23:49:51 [org.springframework.kafka.KafkaListenerEndpointContainer#1-0-C-1] INFO  o.a.k.c.c.i.ConsumerCoordinator - [Consumer clientId=consumer-movie-search-group-2, groupId=movie-search-group] Adding newly assigned partitions: movie.events-0
2026-04-08 23:49:51 [org.springframework.kafka.KafkaListenerEndpointContainer#0-0-C-1] INFO  o.a.k.c.c.i.ConsumerCoordinator - [Consumer clientId=consumer-actor-search-group-1, groupId=actor-search-group] Adding newly assigned partitions: actor.events-0
2026-04-08 23:49:51 [org.springframework.kafka.KafkaListenerEndpointContainer#0-0-C-1] INFO  o.a.k.c.c.i.ConsumerCoordinator - [Consumer clientId=consumer-actor-search-group-1, groupId=actor-search-group] Setting offset for partition actor.events-0 to the committed offset FetchPosition{offset=29, offsetEpoch=Optional.empty, currentLeader=LeaderAndEpoch{leader=Optional[localhost:9092 (id: 1 rack: null)], epoch=0}}
2026-04-08 23:49:51 [org.springframework.kafka.KafkaListenerEndpointContainer#1-0-C-1] INFO  o.a.k.c.c.i.ConsumerCoordinator - [Consumer clientId=consumer-movie-search-group-2, groupId=movie-search-group] Setting offset for partition movie.events-0 to the committed offset FetchPosition{offset=20, offsetEpoch=Optional.empty, currentLeader=LeaderAndEpoch{leader=Optional[localhost:9092 (id: 1 rack: null)], epoch=0}}
2026-04-08 23:49:51 [org.springframework.kafka.KafkaListenerEndpointContainer#1-0-C-1] INFO  o.s.k.l.KafkaMessageListenerContainer - movie-search-group: partitions assigned: [movie.events-0]
2026-04-08 23:49:51 [org.springframework.kafka.KafkaListenerEndpointContainer#0-0-C-1] INFO  o.s.k.l.KafkaMessageListenerContainer - actor-search-group: partitions assigned: [actor.events-0]
2026-04-08 23:50:26 [org.springframework.kafka.KafkaListenerEndpointContainer#1-0-C-1] INFO  o.apache.kafka.clients.NetworkClient - [Consumer clientId=consumer-movie-search-group-2, groupId=movie-search-group] Disconnecting from node 2147483646 due to request timeout.
2026-04-08 23:50:26 [org.springframework.kafka.KafkaListenerEndpointContainer#1-0-C-1] INFO  o.apache.kafka.clients.NetworkClient - [Consumer clientId=consumer-movie-search-group-2, groupId=movie-search-group] Cancelled in-flight HEARTBEAT request with correlation id 931 due to node 2147483646 being disconnected (elapsed time since creation: 31610ms, elapsed time since send: 31610ms, request timeout: 30000ms)
2026-04-08 23:50:26 [org.springframework.kafka.KafkaListenerEndpointContainer#1-0-C-1] INFO  o.apache.kafka.clients.NetworkClient - [Consumer clientId=consumer-movie-search-group-2, groupId=movie-search-group] Cancelled in-flight HEARTBEAT request with correlation id 932 due to node 2147483646 being disconnected (elapsed time since creation: 28600ms, elapsed time since send: 28600ms, request timeout: 30000ms)
2026-04-08 23:50:26 [org.springframework.kafka.KafkaListenerEndpointContainer#1-0-C-1] INFO  o.apache.kafka.clients.NetworkClient - [Consumer clientId=consumer-movie-search-group-2, groupId=movie-search-group] Cancelled in-flight HEARTBEAT request with correlation id 934 due to node 2147483646 being disconnected (elapsed time since creation: 25599ms, elapsed time since send: 25599ms, request timeout: 30000ms)
2026-04-08 23:50:26 [org.springframework.kafka.KafkaListenerEndpointContainer#1-0-C-1] INFO  o.apache.kafka.clients.NetworkClient - [Consumer clientId=consumer-movie-search-group-2, groupId=movie-search-group] Cancelled in-flight HEARTBEAT request with correlation id 935 due to node 2147483646 being disconnected (elapsed time since creation: 21498ms, elapsed time since send: 21498ms, request timeout: 30000ms)
2026-04-08 23:50:26 [org.springframework.kafka.KafkaListenerEndpointContainer#1-0-C-1] INFO  o.apache.kafka.clients.NetworkClient - [Consumer clientId=consumer-movie-search-group-2, groupId=movie-search-group] Cancelled in-flight HEARTBEAT request with correlation id 936 due to node 2147483646 being disconnected (elapsed time since creation: 18097ms, elapsed time since send: 18097ms, request timeout: 30000ms)
2026-04-08 23:50:26 [org.springframework.kafka.KafkaListenerEndpointContainer#1-0-C-1] INFO  o.apache.kafka.clients.NetworkClient - [Consumer clientId=consumer-movie-search-group-2, groupId=movie-search-group] Cancelled in-flight HEARTBEAT request with correlation id 937 due to node 2147483646 being disconnected (elapsed time since creation: 15055ms, elapsed time since send: 15055ms, request timeout: 30000ms)
2026-04-08 23:50:26 [org.springframework.kafka.KafkaListenerEndpointContainer#1-0-C-1] INFO  o.apache.kafka.clients.NetworkClient - [Consumer clientId=consumer-movie-search-group-2, groupId=movie-search-group] Cancelled in-flight HEARTBEAT request with correlation id 938 due to node 2147483646 being disconnected (elapsed time since creation: 12025ms, elapsed time since send: 12025ms, request timeout: 30000ms)
2026-04-08 23:50:26 [org.springframework.kafka.KafkaListenerEndpointContainer#1-0-C-1] INFO  o.apache.kafka.clients.NetworkClient - [Consumer clientId=consumer-movie-search-group-2, groupId=movie-search-group] Cancelled in-flight HEARTBEAT request with correlation id 939 due to node 2147483646 being disconnected (elapsed time since creation: 9011ms, elapsed time since send: 9011ms, request timeout: 30000ms)
2026-04-08 23:50:26 [org.springframework.kafka.KafkaListenerEndpointContainer#1-0-C-1] INFO  o.apache.kafka.clients.NetworkClient - [Consumer clientId=consumer-movie-search-group-2, groupId=movie-search-group] Cancelled in-flight HEARTBEAT request with correlation id 940 due to node 2147483646 being disconnected (elapsed time since creation: 6006ms, elapsed time since send: 6006ms, request timeout: 30000ms)
2026-04-08 23:50:26 [org.springframework.kafka.KafkaListenerEndpointContainer#1-0-C-1] INFO  o.apache.kafka.clients.NetworkClient - [Consumer clientId=consumer-movie-search-group-2, groupId=movie-search-group] Cancelled in-flight HEARTBEAT request with correlation id 941 due to node 2147483646 being disconnected (elapsed time since creation: 3000ms, elapsed time since send: 3000ms, request timeout: 30000ms)
2026-04-08 23:50:26 [kafka-coordinator-heartbeat-thread | movie-search-group] INFO  o.a.k.c.c.i.ConsumerCoordinator - [Consumer clientId=consumer-movie-search-group-2, groupId=movie-search-group] Group coordinator localhost:9092 (id: 2147483646 rack: null) is unavailable or invalid due to cause: null. isDisconnected: true. Rediscovery will be attempted.
2026-04-08 23:50:29 [org.springframework.kafka.KafkaListenerEndpointContainer#0-0-C-1] INFO  o.apache.kafka.clients.NetworkClient - [Consumer clientId=consumer-actor-search-group-1, groupId=actor-search-group] Disconnecting from node 1 due to request timeout.
2026-04-08 23:50:29 [org.springframework.kafka.KafkaListenerEndpointContainer#0-0-C-1] INFO  o.apache.kafka.clients.NetworkClient - [Consumer clientId=consumer-actor-search-group-1, groupId=actor-search-group] Cancelled in-flight FETCH request with correlation id 930 due to node 1 being disconnected (elapsed time since creation: 31783ms, elapsed time since send: 31783ms, request timeout: 30000ms)
2026-04-08 23:50:29 [org.springframework.kafka.KafkaListenerEndpointContainer#0-0-C-1] INFO  o.a.k.clients.FetchSessionHandler - [Consumer clientId=consumer-actor-search-group-1, groupId=actor-search-group] Error sending fetch request (sessionId=627987209, epoch=3) to node 1:
org.apache.kafka.common.errors.DisconnectException: null
2026-04-08 23:50:30 [org.springframework.kafka.KafkaListenerEndpointContainer#1-0-C-1] INFO  o.apache.kafka.clients.NetworkClient - [Consumer clientId=consumer-movie-search-group-2, groupId=movie-search-group] Disconnecting from node 1 due to request timeout.
2026-04-08 23:50:30 [org.springframework.kafka.KafkaListenerEndpointContainer#1-0-C-1] INFO  o.apache.kafka.clients.NetworkClient - [Consumer clientId=consumer-movie-search-group-2, groupId=movie-search-group] Cancelled in-flight FETCH request with correlation id 933 due to node 1 being disconnected (elapsed time since creation: 31812ms, elapsed time since send: 31812ms, request timeout: 30000ms)
2026-04-08 23:50:30 [org.springframework.kafka.KafkaListenerEndpointContainer#1-0-C-1] INFO  o.apache.kafka.clients.NetworkClient - [Consumer clientId=consumer-movie-search-group-2, groupId=movie-search-group] Cancelled in-flight METADATA request with correlation id 942 due to node 1 being disconnected (elapsed time since creation: 6770ms, elapsed time since send: 6770ms, request timeout: 30000ms)
2026-04-08 23:50:30 [org.springframework.kafka.KafkaListenerEndpointContainer#1-0-C-1] INFO  o.apache.kafka.clients.NetworkClient - [Consumer clientId=consumer-movie-search-group-2, groupId=movie-search-group] Cancelled in-flight FIND_COORDINATOR request with correlation id 943 due to node 1 being disconnected (elapsed time since creation: 3836ms, elapsed time since send: 3839ms, request timeout: 30000ms)
2026-04-08 23:50:30 [org.springframework.kafka.KafkaListenerEndpointContainer#1-0-C-1] INFO  o.apache.kafka.clients.NetworkClient - [Consumer clientId=consumer-movie-search-group-2, groupId=movie-search-group] Cancelled in-flight FIND_COORDINATOR request with correlation id 944 due to node 1 being disconnected (elapsed time since creation: 3014ms, elapsed time since send: 3014ms, request timeout: 30000ms)
2026-04-08 23:50:30 [org.springframework.kafka.KafkaListenerEndpointContainer#1-0-C-1] INFO  o.a.k.clients.FetchSessionHandler - [Consumer clientId=consumer-movie-search-group-2, groupId=movie-search-group] Error sending fetch request (sessionId=1009900857, epoch=3) to node 1:
org.apache.kafka.common.errors.DisconnectException: null
2026-04-08 23:50:33 [org.springframework.kafka.KafkaListenerEndpointContainer#0-0-C-1] INFO  o.apache.kafka.clients.NetworkClient - [Consumer clientId=consumer-actor-search-group-1, groupId=actor-search-group] Disconnecting from node 2147483646 due to request timeout.
2026-04-08 23:50:33 [org.springframework.kafka.KafkaListenerEndpointContainer#0-0-C-1] INFO  o.apache.kafka.clients.NetworkClient - [Consumer clientId=consumer-actor-search-group-1, groupId=actor-search-group] Cancelled in-flight HEARTBEAT request with correlation id 931 due to node 2147483646 being disconnected (elapsed time since creation: 32701ms, elapsed time since send: 32701ms, request timeout: 30000ms)
2026-04-08 23:50:33 [org.springframework.kafka.KafkaListenerEndpointContainer#0-0-C-1] INFO  o.apache.kafka.clients.NetworkClient - [Consumer clientId=consumer-actor-search-group-1, groupId=actor-search-group] Cancelled in-flight HEARTBEAT request with correlation id 932 due to node 2147483646 being disconnected (elapsed time since creation: 28577ms, elapsed time since send: 28577ms, request timeout: 30000ms)
2026-04-08 23:50:33 [org.springframework.kafka.KafkaListenerEndpointContainer#0-0-C-1] INFO  o.apache.kafka.clients.NetworkClient - [Consumer clientId=consumer-actor-search-group-1, groupId=actor-search-group] Cancelled in-flight HEARTBEAT request with correlation id 933 due to node 2147483646 being disconnected (elapsed time since creation: 25175ms, elapsed time since send: 25175ms, request timeout: 30000ms)
2026-04-08 23:50:33 [org.springframework.kafka.KafkaListenerEndpointContainer#0-0-C-1] INFO  o.apache.kafka.clients.NetworkClient - [Consumer clientId=consumer-actor-search-group-1, groupId=actor-search-group] Cancelled in-flight HEARTBEAT request with correlation id 934 due to node 2147483646 being disconnected (elapsed time since creation: 22057ms, elapsed time since send: 22057ms, request timeout: 30000ms)
2026-04-08 23:50:33 [org.springframework.kafka.KafkaListenerEndpointContainer#0-0-C-1] INFO  o.apache.kafka.clients.NetworkClient - [Consumer clientId=consumer-actor-search-group-1, groupId=actor-search-group] Cancelled in-flight HEARTBEAT request with correlation id 935 due to node 2147483646 being disconnected (elapsed time since creation: 19033ms, elapsed time since send: 19033ms, request timeout: 30000ms)
2026-04-08 23:50:33 [org.springframework.kafka.KafkaListenerEndpointContainer#0-0-C-1] INFO  o.apache.kafka.clients.NetworkClient - [Consumer clientId=consumer-actor-search-group-1, groupId=actor-search-group] Cancelled in-flight HEARTBEAT request with correlation id 936 due to node 2147483646 being disconnected (elapsed time since creation: 16004ms, elapsed time since send: 16004ms, request timeout: 30000ms)
2026-04-08 23:50:33 [org.springframework.kafka.KafkaListenerEndpointContainer#0-0-C-1] INFO  o.apache.kafka.clients.NetworkClient - [Consumer clientId=consumer-actor-search-group-1, groupId=actor-search-group] Cancelled in-flight HEARTBEAT request with correlation id 937 due to node 2147483646 being disconnected (elapsed time since creation: 13000ms, elapsed time since send: 13000ms, request timeout: 30000ms)
2026-04-08 23:50:33 [org.springframework.kafka.KafkaListenerEndpointContainer#0-0-C-1] INFO  o.apache.kafka.clients.NetworkClient - [Consumer clientId=consumer-actor-search-group-1, groupId=actor-search-group] Cancelled in-flight HEARTBEAT request with correlation id 938 due to node 2147483646 being disconnected (elapsed time since creation: 9920ms, elapsed time since send: 9920ms, request timeout: 30000ms)
2026-04-08 23:50:33 [org.springframework.kafka.KafkaListenerEndpointContainer#0-0-C-1] INFO  o.apache.kafka.clients.NetworkClient - [Consumer clientId=consumer-actor-search-group-1, groupId=actor-search-group] Cancelled in-flight HEARTBEAT request with correlation id 939 due to node 2147483646 being disconnected (elapsed time since creation: 6907ms, elapsed time since send: 6907ms, request timeout: 30000ms)
2026-04-08 23:50:33 [kafka-coordinator-heartbeat-thread | actor-search-group] INFO  o.a.k.c.c.i.ConsumerCoordinator - [Consumer clientId=consumer-actor-search-group-1, groupId=actor-search-group] Group coordinator localhost:9092 (id: 2147483646 rack: null) is unavailable or invalid due to cause: null. isDisconnected: true. Rediscovery will be attempted.
2026-04-08 23:51:02 [org.springframework.kafka.KafkaListenerEndpointContainer#0-0-C-1] INFO  o.apache.kafka.clients.NetworkClient - [Consumer clientId=consumer-actor-search-group-1, groupId=actor-search-group] Disconnecting from node 1 due to request timeout.
2026-04-08 23:51:02 [org.springframework.kafka.KafkaListenerEndpointContainer#0-0-C-1] INFO  o.apache.kafka.clients.NetworkClient - [Consumer clientId=consumer-actor-search-group-1, groupId=actor-search-group] Cancelled in-flight API_VERSIONS request with correlation id 942 due to node 1 being disconnected (elapsed time since creation: 32592ms, elapsed time since send: 32592ms, request timeout: 30000ms)
2026-04-08 23:51:02 [org.springframework.kafka.KafkaListenerEndpointContainer#0-0-C-1] INFO  o.a.k.clients.FetchSessionHandler - [Consumer clientId=consumer-actor-search-group-1, groupId=actor-search-group] Error sending fetch request (sessionId=627987209, epoch=INITIAL) to node 1:
org.apache.kafka.common.errors.DisconnectException: null
2026-04-08 23:51:02 [org.springframework.kafka.KafkaListenerEndpointContainer#1-0-C-1] INFO  o.apache.kafka.clients.NetworkClient - [Consumer clientId=consumer-movie-search-group-2, groupId=movie-search-group] Disconnecting from node 1 due to request timeout.
2026-04-08 23:51:02 [org.springframework.kafka.KafkaListenerEndpointContainer#1-0-C-1] INFO  o.apache.kafka.clients.NetworkClient - [Consumer clientId=consumer-movie-search-group-2, groupId=movie-search-group] Cancelled in-flight API_VERSIONS request with correlation id 945 due to node 1 being disconnected (elapsed time since creation: 32007ms, elapsed time since send: 32007ms, request timeout: 30000ms)
2026-04-08 23:51:02 [org.springframework.kafka.KafkaListenerEndpointContainer#1-0-C-1] INFO  o.a.k.clients.FetchSessionHandler - [Consumer clientId=consumer-movie-search-group-2, groupId=movie-search-group] Error sending fetch request (sessionId=1009900857, epoch=INITIAL) to node 1:
org.apache.kafka.common.errors.DisconnectException: null
2026-04-08 23:51:34 [org.springframework.kafka.KafkaListenerEndpointContainer#0-0-C-1] INFO  o.apache.kafka.clients.NetworkClient - [Consumer clientId=consumer-actor-search-group-1, groupId=actor-search-group] Disconnecting from node 1 due to request timeout.
2026-04-08 23:51:34 [org.springframework.kafka.KafkaListenerEndpointContainer#0-0-C-1] INFO  o.apache.kafka.clients.NetworkClient - [Consumer clientId=consumer-actor-search-group-1, groupId=actor-search-group] Cancelled in-flight API_VERSIONS request with correlation id 948 due to node 1 being disconnected (elapsed time since creation: 31937ms, elapsed time since send: 31937ms, request timeout: 30000ms)
2026-04-08 23:51:34 [org.springframework.kafka.KafkaListenerEndpointContainer#0-0-C-1] INFO  o.a.k.clients.FetchSessionHandler - [Consumer clientId=consumer-actor-search-group-1, groupId=actor-search-group] Error sending fetch request (sessionId=627987209, epoch=INITIAL) to node 1:
org.apache.kafka.common.errors.DisconnectException: null
2026-04-08 23:51:34 [org.springframework.kafka.KafkaListenerEndpointContainer#1-0-C-1] INFO  o.apache.kafka.clients.NetworkClient - [Consumer clientId=consumer-movie-search-group-2, groupId=movie-search-group] Disconnecting from node 1 due to request timeout.
2026-04-08 23:51:34 [org.springframework.kafka.KafkaListenerEndpointContainer#1-0-C-1] INFO  o.apache.kafka.clients.NetworkClient - [Consumer clientId=consumer-movie-search-group-2, groupId=movie-search-group] Cancelled in-flight API_VERSIONS request with correlation id 954 due to node 1 being disconnected (elapsed time since creation: 31953ms, elapsed time since send: 31953ms, request timeout: 30000ms)
2026-04-08 23:51:34 [org.springframework.kafka.KafkaListenerEndpointContainer#1-0-C-1] INFO  o.a.k.clients.FetchSessionHandler - [Consumer clientId=consumer-movie-search-group-2, groupId=movie-search-group] Error sending fetch request (sessionId=1009900857, epoch=INITIAL) to node 1:
org.apache.kafka.common.errors.DisconnectException: null
2026-04-08 23:52:05 [org.springframework.kafka.KafkaListenerEndpointContainer#1-0-C-1] INFO  o.apache.kafka.clients.NetworkClient - [Consumer clientId=consumer-movie-search-group-2, groupId=movie-search-group] Disconnecting from node 1 due to request timeout.
2026-04-08 23:52:05 [org.springframework.kafka.KafkaListenerEndpointContainer#1-0-C-1] INFO  o.apache.kafka.clients.NetworkClient - [Consumer clientId=consumer-movie-search-group-2, groupId=movie-search-group] Cancelled in-flight API_VERSIONS request with correlation id 963 due to node 1 being disconnected (elapsed time since creation: 30082ms, elapsed time since send: 30082ms, request timeout: 30000ms)
2026-04-08 23:52:05 [org.springframework.kafka.KafkaListenerEndpointContainer#1-0-C-1] INFO  o.a.k.clients.FetchSessionHandler - [Consumer clientId=consumer-movie-search-group-2, groupId=movie-search-group] Error sending fetch request (sessionId=1009900857, epoch=INITIAL) to node 1:
org.apache.kafka.common.errors.DisconnectException: null
2026-04-08 23:52:05 [org.springframework.kafka.KafkaListenerEndpointContainer#0-0-C-1] INFO  o.apache.kafka.clients.NetworkClient - [Consumer clientId=consumer-actor-search-group-1, groupId=actor-search-group] Disconnecting from node 1 due to request timeout.
2026-04-08 23:52:05 [org.springframework.kafka.KafkaListenerEndpointContainer#0-0-C-1] INFO  o.apache.kafka.clients.NetworkClient - [Consumer clientId=consumer-actor-search-group-1, groupId=actor-search-group] Cancelled in-flight API_VERSIONS request with correlation id 956 due to node 1 being disconnected (elapsed time since creation: 30179ms, elapsed time since send: 30179ms, request timeout: 30000ms)
2026-04-08 23:52:05 [org.springframework.kafka.KafkaListenerEndpointContainer#0-0-C-1] INFO  o.a.k.clients.FetchSessionHandler - [Consumer clientId=consumer-actor-search-group-1, groupId=actor-search-group] Error sending fetch request (sessionId=627987209, epoch=INITIAL) to node 1:
org.apache.kafka.common.errors.DisconnectException: null
2026-04-08 23:52:38 [org.springframework.kafka.KafkaListenerEndpointContainer#1-0-C-1] INFO  o.apache.kafka.clients.NetworkClient - [Consumer clientId=consumer-movie-search-group-2, groupId=movie-search-group] Disconnecting from node 1 due to request timeout.
2026-04-08 23:52:38 [org.springframework.kafka.KafkaListenerEndpointContainer#1-0-C-1] INFO  o.apache.kafka.clients.NetworkClient - [Consumer clientId=consumer-movie-search-group-2, groupId=movie-search-group] Cancelled in-flight API_VERSIONS request with correlation id 970 due to node 1 being disconnected (elapsed time since creation: 32724ms, elapsed time since send: 32724ms, request timeout: 30000ms)
2026-04-08 23:52:38 [org.springframework.kafka.KafkaListenerEndpointContainer#1-0-C-1] INFO  o.a.k.clients.FetchSessionHandler - [Consumer clientId=consumer-movie-search-group-2, groupId=movie-search-group] Error sending fetch request (sessionId=1009900857, epoch=INITIAL) to node 1:
org.apache.kafka.common.errors.DisconnectException: null
2026-04-08 23:52:38 [org.springframework.kafka.KafkaListenerEndpointContainer#0-0-C-1] INFO  o.apache.kafka.clients.NetworkClient - [Consumer clientId=consumer-actor-search-group-1, groupId=actor-search-group] Disconnecting from node 1 due to request timeout.
2026-04-08 23:52:38 [org.springframework.kafka.KafkaListenerEndpointContainer#0-0-C-1] INFO  o.apache.kafka.clients.NetworkClient - [Consumer clientId=consumer-actor-search-group-1, groupId=actor-search-group] Cancelled in-flight API_VERSIONS request with correlation id 963 due to node 1 being disconnected (elapsed time since creation: 32692ms, elapsed time since send: 32692ms, request timeout: 30000ms)
2026-04-08 23:52:38 [org.springframework.kafka.KafkaListenerEndpointContainer#0-0-C-1] INFO  o.a.k.clients.FetchSessionHandler - [Consumer clientId=consumer-actor-search-group-1, groupId=actor-search-group] Error sending fetch request (sessionId=627987209, epoch=INITIAL) to node 1:
org.apache.kafka.common.errors.DisconnectException: null
2026-04-08 23:53:10 [org.springframework.kafka.KafkaListenerEndpointContainer#1-0-C-1] INFO  o.apache.kafka.clients.NetworkClient - [Consumer clientId=consumer-movie-search-group-2, groupId=movie-search-group] Disconnecting from node 1 due to request timeout.
2026-04-08 23:53:10 [org.springframework.kafka.KafkaListenerEndpointContainer#1-0-C-1] INFO  o.apache.kafka.clients.NetworkClient - [Consumer clientId=consumer-movie-search-group-2, groupId=movie-search-group] Cancelled in-flight API_VERSIONS request with correlation id 978 due to node 1 being disconnected (elapsed time since creation: 31402ms, elapsed time since send: 31402ms, request timeout: 30000ms)
2026-04-08 23:53:10 [org.springframework.kafka.KafkaListenerEndpointContainer#1-0-C-1] INFO  o.a.k.clients.FetchSessionHandler - [Consumer clientId=consumer-movie-search-group-2, groupId=movie-search-group] Error sending fetch request (sessionId=1009900857, epoch=INITIAL) to node 1:
org.apache.kafka.common.errors.DisconnectException: null
2026-04-08 23:53:10 [org.springframework.kafka.KafkaListenerEndpointContainer#0-0-C-1] INFO  o.apache.kafka.clients.NetworkClient - [Consumer clientId=consumer-actor-search-group-1, groupId=actor-search-group] Disconnecting from node 1 due to request timeout.
2026-04-08 23:53:10 [org.springframework.kafka.KafkaListenerEndpointContainer#0-0-C-1] INFO  o.apache.kafka.clients.NetworkClient - [Consumer clientId=consumer-actor-search-group-1, groupId=actor-search-group] Cancelled in-flight API_VERSIONS request with correlation id 971 due to node 1 being disconnected (elapsed time since creation: 31630ms, elapsed time since send: 31630ms, request timeout: 30000ms)
2026-04-08 23:53:10 [org.springframework.kafka.KafkaListenerEndpointContainer#0-0-C-1] INFO  o.a.k.clients.FetchSessionHandler - [Consumer clientId=consumer-actor-search-group-1, groupId=actor-search-group] Error sending fetch request (sessionId=627987209, epoch=INITIAL) to node 1:
org.apache.kafka.common.errors.DisconnectException: null
2026-04-08 23:53:43 [org.springframework.kafka.KafkaListenerEndpointContainer#1-0-C-1] INFO  o.apache.kafka.clients.NetworkClient - [Consumer clientId=consumer-movie-search-group-2, groupId=movie-search-group] Disconnecting from node 1 due to request timeout.
2026-04-08 23:53:43 [org.springframework.kafka.KafkaListenerEndpointContainer#1-0-C-1] INFO  o.apache.kafka.clients.NetworkClient - [Consumer clientId=consumer-movie-search-group-2, groupId=movie-search-group] Cancelled in-flight API_VERSIONS request with correlation id 987 due to node 1 being disconnected (elapsed time since creation: 32030ms, elapsed time since send: 32030ms, request timeout: 30000ms)
2026-04-08 23:53:43 [org.springframework.kafka.KafkaListenerEndpointContainer#1-0-C-1] INFO  o.a.k.clients.FetchSessionHandler - [Consumer clientId=consumer-movie-search-group-2, groupId=movie-search-group] Error sending fetch request (sessionId=1009900857, epoch=INITIAL) to node 1:
org.apache.kafka.common.errors.DisconnectException: null
2026-04-08 23:53:43 [org.springframework.kafka.KafkaListenerEndpointContainer#0-0-C-1] INFO  o.apache.kafka.clients.NetworkClient - [Consumer clientId=consumer-actor-search-group-1, groupId=actor-search-group] Disconnecting from node 1 due to request timeout.
2026-04-08 23:53:43 [org.springframework.kafka.KafkaListenerEndpointContainer#0-0-C-1] INFO  o.apache.kafka.clients.NetworkClient - [Consumer clientId=consumer-actor-search-group-1, groupId=actor-search-group] Cancelled in-flight API_VERSIONS request with correlation id 979 due to node 1 being disconnected (elapsed time since creation: 32109ms, elapsed time since send: 32109ms, request timeout: 30000ms)
2026-04-08 23:53:43 [org.springframework.kafka.KafkaListenerEndpointContainer#0-0-C-1] INFO  o.a.k.clients.FetchSessionHandler - [Consumer clientId=consumer-actor-search-group-1, groupId=actor-search-group] Error sending fetch request (sessionId=627987209, epoch=INITIAL) to node 1:
org.apache.kafka.common.errors.DisconnectException: null
2026-04-08 23:54:15 [org.springframework.kafka.KafkaListenerEndpointContainer#0-0-C-1] INFO  o.apache.kafka.clients.NetworkClient - [Consumer clientId=consumer-actor-search-group-1, groupId=actor-search-group] Disconnecting from node 1 due to request timeout.
2026-04-08 23:54:15 [org.springframework.kafka.KafkaListenerEndpointContainer#1-0-C-1] INFO  o.apache.kafka.clients.NetworkClient - [Consumer clientId=consumer-movie-search-group-2, groupId=movie-search-group] Disconnecting from node 1 due to request timeout.
2026-04-08 23:54:15 [org.springframework.kafka.KafkaListenerEndpointContainer#0-0-C-1] INFO  o.apache.kafka.clients.NetworkClient - [Consumer clientId=consumer-actor-search-group-1, groupId=actor-search-group] Cancelled in-flight API_VERSIONS request with correlation id 987 due to node 1 being disconnected (elapsed time since creation: 31253ms, elapsed time since send: 31253ms, request timeout: 30000ms)
2026-04-08 23:54:15 [org.springframework.kafka.KafkaListenerEndpointContainer#0-0-C-1] INFO  o.a.k.clients.FetchSessionHandler - [Consumer clientId=consumer-actor-search-group-1, groupId=actor-search-group] Error sending fetch request (sessionId=627987209, epoch=INITIAL) to node 1:
org.apache.kafka.common.errors.DisconnectException: null
2026-04-08 23:54:16 [org.springframework.kafka.KafkaListenerEndpointContainer#1-0-C-1] INFO  o.apache.kafka.clients.NetworkClient - [Consumer clientId=consumer-movie-search-group-2, groupId=movie-search-group] Cancelled in-flight API_VERSIONS request with correlation id 996 due to node 1 being disconnected (elapsed time since creation: 30987ms, elapsed time since send: 30987ms, request timeout: 30000ms)
2026-04-08 23:54:16 [org.springframework.kafka.KafkaListenerEndpointContainer#1-0-C-1] INFO  o.a.k.clients.FetchSessionHandler - [Consumer clientId=consumer-movie-search-group-2, groupId=movie-search-group] Error sending fetch request (sessionId=1009900857, epoch=INITIAL) to node 1:
org.apache.kafka.common.errors.DisconnectException: null
